operator,post_id,message,created_time,comments,likes,love,haha,sad,angry
gp,121148644629531_1612370152174032,"ржЧрзНрж░рж╛ржорзАржгржлрзЛржи 4G ржЕржлрж╛рж░рж╕ржорзВрж╣  ( Tap / Click on ""Continue Reading"" ""See More"")  тЦ╢ ржЧрзНрж░рж╛ржорзАржгржлрзЛржи 4G рж╕рж┐ржо рж░рж┐ржкрзНрж▓рзЗрж╕рзЗ ржлрзНрж░рж┐ 1.5GB ржЗржирзНржЯрж╛рж░ржирзЗржЯ! ржЧрзНрж░рж╛ржорзАржгржлрзЛржи рж╕рзЗржирзНржЯрж╛рж░рзЗ ржерзЗржХрзЗ 4G Ready рж╕рж┐ржо ржирж┐рзЯрзЗ ржирж┐ржи! 4G Ready рж╕рж┐ржо ржХрж┐ржирж╛ ржЪрзЗржХ ржХрж░рзБржи https://goo.gl/GwfbNU  тЦ╢ржЧрзНрж░рж╛ржорзАржгржлрзЛржи Micromax Canvas 1 ржлрзЛрж░ржЬрж┐ рж╕рзНржорж╛рж░рзНржЯржлрзЛржи рзнрзлрзпрзпржЯрж╛ржХрж╛ ржПржмржВ рзкржЬрж┐ржмрж┐ +рззрзи ржЬрж┐ржмрж┐ ржЗржирзНржЯрж╛рж░ржирзЗржЯ ржлрзНрж░рж┐! https://goo.gl/KLUZ8B  тЦ╢ржЧрзНрж░рж╛ржорзАржгржлрзЛржи WE T1 ржлрзЛрж░ржЬрж┐ рж╕рзНржорж╛рж░рзНржЯржлрзЛржи рзкрзкрзкрзкржЯрж╛ржХрж╛   ржПржмржВ рзкржЬрж┐ржмрж┐ +рззрзи ржЬрж┐ржмрж┐ ржЗржирзНржЯрж╛рж░ржирзЗржЯ ржлрзНрж░рж┐! https://goo.gl/a9WNrU",2018-03-03T15:30:00+0000,5,45,1,0,0,0
gp,1612370152174032_1612414632169584,re registered kora jay,2018-03-03T15:31:10+0000,0,0,0,0,0,0
gp,1612370152174032_1612428848834829,ржЖржорж╛рж░ ржмржирзНржзрзБ ржкрзНржпрж╛ржХрзЗржЬрзЗ рж╕рзБржкрж╛рж░ fnf ржП ржХржд ржкрзЯрж╕рж╛ ржорж┐ржирж┐ржЯ ржХрж╛ржЯржмрзЗ,2018-03-03T15:47:41+0000,0,0,0,0,0,0
gp,1612370152174032_1612439892167058,Iphone e 4g kobe chalu hoche?,2018-03-03T16:01:51+0000,0,0,0,0,0,0
gp,1612370152174032_1613253522085695,*33*0000# dayel koray Ami phone dite partesi na Ki korbo???,2018-03-04T11:25:56+0000,0,0,0,0,0,0
gp,1612370152174032_1613615222049525,aj ami akta sim repless korci bt 1.5 internet paini kno?,2018-03-04T18:02:46+0000,0,0,0,0,0,0
gp,121148644629531_1603133159764398,"4G ржЕржлрж╛рж░рж╕ржорзВрж╣  ( Tap / Click on ""Continue Reading"" ""See More"")  тЦ╢ ржЧрзНрж░рж╛ржорзАржгржлрзЛржи 4G рж╕рж┐ржо рж░рж┐ржкрзНрж▓рзЗрж╕рзЗ ржлрзНрж░рж┐ 1.5GB ржЗржирзНржЯрж╛рж░ржирзЗржЯ! ржЧрзНрж░рж╛ржорзАржгржлрзЛржи рж╕рзЗржирзНржЯрж╛рж░рзЗ ржерзЗржХрзЗ 4G Ready рж╕рж┐ржо ржирж┐рзЯрзЗ ржирж┐ржи! 4G Ready рж╕рж┐ржо ржХрж┐ржирж╛ ржЪрзЗржХ ржХрж░рзБржи https://goo.gl/GwfbNU  тЦ╢ржЧрзНрж░рж╛ржорзАржгржлрзЛржи Micromax Canvas 1 ржлрзЛрж░ржЬрж┐ рж╕рзНржорж╛рж░рзНржЯржлрзЛржи рзнрзлрзпрзпржЯрж╛ржХрж╛ ржПржмржВ рзкржЬрж┐ржмрж┐ +рззрзи ржЬрж┐ржмрж┐ ржЗржирзНржЯрж╛рж░ржирзЗржЯ ржлрзНрж░рж┐! https://goo.gl/KLUZ8B  тЦ╢ржЧрзНрж░рж╛ржорзАржгржлрзЛржи WE T1 ржлрзЛрж░ржЬрж┐ рж╕рзНржорж╛рж░рзНржЯржлрзЛржи рзкрзкрзкрзкржЯрж╛ржХрж╛   ржПржмржВ рзкржЬрж┐ржмрж┐ +рззрзи ржЬрж┐ржмрж┐ ржЗржирзНржЯрж╛рж░ржирзЗржЯ ржлрзНрж░рж┐! https://goo.gl/a9WNrU",2018-02-22T14:40:39+0000,9,97,0,2,0,0
gp,1603133159764398_1603214219756292,Khalilur Rahman Khalil,2018-02-22T15:24:42+0000,0,0,0,0,0,0
gp,1603133159764398_1603234753087572,ржЖржЧрзЗрз▒ ржкрзБрз▒рж╛рждржи рж╕рж┐ржо 4ржЬрж┐ ржХрз▒рждрзЗ ржХрж┐ ржХрз▒рждрзЗ рж╣ржмрзЗ,2018-02-22T15:50:41+0000,0,0,0,0,0,0
gp,1603133159764398_1603263266418054,ржЖржкржирж╛ржжрзЗрж░ ржирзЗржЯржУрзЯрж╛рж░рзНржХ ржПржд ржЬржШржирзНржп ржХрзНржпрж╛ржи ржЗржжрж╛ржирж┐ржВ?,2018-02-22T16:28:42+0000,0,1,0,0,0,0
gp,1603133159764398_1603263959751318,http://thebangladeshtoday.com/bangla/%E0%A6%97%E0%A7%8D%E0%A6%B0%E0%A6%BE%E0%A6%B9%E0%A6%95-%E0%A6%B9%E0%A7%9F%E0%A6%B0%E0%A6%BE%E0%A6%A8%E0%A6%BF%E0%A6%B0-%E0%A6%B6%E0%A7%80%E0%A6%B0%E0%A7%8D%E0%A6%B7%E0%A7%87-%E0%A6%97%E0%A7%8D/,2018-02-22T16:29:46+0000,0,1,0,1,0,0
gp,1603133159764398_1608078595936521,GP рж╕рж┐ржо 4G ржХрж░рж▓рзЗ ржХрзЛржи ржЯрж╛ржХрж╛ рж▓рж╛ржЧржмрзЗ ржХрж┐ржирж╛.,2018-02-27T10:13:30+0000,0,0,0,0,0,0
gp,1603133159764398_1608888195855561,ржнрж╛ржЗ ржЖржЧрзЗ рж╕рж╛рж░рж╛ ржжрзЗрж╢рзЗ 3G available ржХрж░рзЗржи?,2018-02-28T04:34:27+0000,0,0,0,0,0,0
gp,1603133159764398_1608889292522118,3G ржЗ ржжрж┐рждрзЗ ржкрж╛рж░рж▓рзЗржи ржирж╛  ржарж┐ржХ ржоржд ржЖржмрж╛рж░ 4G hahahaaaa,2018-02-28T04:36:00+0000,0,0,0,0,0,0
gp,1603133159764398_1610429409034773,bondo simer offer ki????,2018-03-01T17:04:13+0000,0,0,0,0,0,0
gp,1603133159764398_1612883058789408,2ta Reg Korci Dekase 4ta Sala Baki Duta Kar . Ar Ta Bondho Korbo Ki Kore . Ar Atar Jonno Somyar Mullo Dibe Tor Bap ? Tara Tari Bol,2018-03-04T02:08:10+0000,0,0,0,0,0,0
gp,121148644629531_1602937136450667,ржЧрзНрж░рж╛ржорзАржгржлрзЛржи WE T1 ржлрзЛрж░ржЬрж┐ рж╕рзНржорж╛рж░рзНржЯржлрзЛржи рзкрзкрзкрзкржЯрж╛ржХрж╛    ржПржмржВ рзкржЬрж┐ржмрж┐ +рззрзи ржЬрж┐ржмрж┐ ржЗржирзНржЯрж╛рж░ржирзЗржЯ ржлрзНрж░рж┐! https://goo.gl/a9WNrU,2018-02-22T10:30:14+0000,2,134,2,2,0,0
gp,1602937136450667_1602962743114773,datails,2018-02-22T10:35:24+0000,0,2,0,0,0,0
gp,1602937136450667_1605218252889222,Plzz phonta kothay pabo bolen,2018-02-24T13:47:41+0000,0,0,0,0,0,0
gp,121148644629531_1602935273117520,ржЧрзНрж░рж╛ржорзАржгржлрзЛржи Micromax Canvas 1 ржлрзЛрж░ржЬрж┐ рж╕рзНржорж╛рж░рзНржЯржлрзЛржи рзнрзлрзпрзпржЯрж╛ржХрж╛  ржПржмржВ рзкржЬрж┐ржмрж┐ +рззрзи ржЬрж┐ржмрж┐ ржЗржирзНржЯрж╛рж░ржирзЗржЯ ржлрзНрж░рж┐! https://goo.gl/KLUZ8B,2018-02-22T10:20:08+0000,2,92,2,1,0,0
gp,1602935273117520_1602954859782228,ржмрж┐рж╕рзНрждрж╛рж░рж┐ржд ржЬрж╛ржирж╛ржи,2018-02-22T10:23:58+0000,0,0,0,0,0,0
gp,1602935273117520_1612258848851829,01732965402 ai sim ar Internet offer ki???,2018-03-03T12:30:06+0000,0,0,0,0,0,0
gp,121148644629531_1600865036657877,ржЧрзНрж░рж╛ржорзАржгржлрзЛржи 4G рж╕рж┐ржо рж░рж┐ржкрзНрж▓рзЗрж╕рзЗ ржлрзНрж░рж┐ 1.5GB ржЗржирзНржЯрж╛рж░ржирзЗржЯ! ржЧрзНрж░рж╛ржорзАржгржлрзЛржи рж╕рзЗржирзНржЯрж╛рж░рзЗ ржерзЗржХрзЗ 4G Ready рж╕рж┐ржо ржирж┐рзЯрзЗ ржирж┐ржи! 4G Ready рж╕рж┐ржо ржХрж┐ржирж╛ ржЪрзЗржХ ржХрж░рзБржи https://goo.gl/GwfbNU,2018-02-20T11:00:20+0000,36,225,1,5,0,0
gp,1600865036657877_1600918653319182,ржзрж╛ржирзНржжрж╛ржмрж╛ржЬрзА рзй ржЬрж┐ ржкрж╛ржЗ ржирж╛  рзк ржЬрж┐ ржнрж╛рж▓ ржЗ рз╖ ржкрж╛ржЗржХрж╛рж░рзА рж╣рж╛рж░рзЗ ржЪрзБрж░рж┐ ?,2018-02-20T11:01:54+0000,0,2,0,0,0,0
gp,1600865036657877_1600920193319028,ржЪрж╛рж░рзНржЬ рж▓рж╛ржЧржмрзЗ ржХрж┐?,2018-02-20T11:04:15+0000,0,0,0,0,0,0
gp,1600865036657877_1600921693318878,ржпрзЗржЦрж╛ржирзЗ 3Gржкрж╛ржЗ ржирж╛ рж╕рзЗржЦрж╛ржирзЗ 4G,2018-02-20T11:07:12+0000,0,2,0,0,0,0
gp,1600865036657877_1600923466652034,#ржЖрж░ржХржд,2018-02-20T11:07:56+0000,0,0,0,0,0,0
gp,1600865036657877_1600925453318502,ржпрзЗржЦрж╛ржирзЗ 3Gржкрж╛ржЗ ржирж╛ рж╕рзЗржЦрж╛ржирзЗ 4G,2018-02-20T11:10:38+0000,0,0,0,0,0,0
gp,1600865036657877_1600930876651293,4G ржирж╛ржЗ mb ржжрж┐рзЯрж╛ ржХрж┐ ржХрж░ржм,2018-02-20T11:14:03+0000,0,0,0,0,0,0
gp,1600865036657877_1600933069984407,рзк ржЬрж┐ рж╕рж┐ржо ржХрж┐ ржХрзЛржи ржЪрж╛ржЬ ржЫрж╛рзЬрж╛ржЗ ржкрж╛ржУрзЯрж╛ ржпрж╛ржмрзЗ,2018-02-20T11:16:07+0000,0,1,0,0,0,0
gp,1600865036657877_1600936003317447,ржжрзЯрж╛ ржХрж░рзЗ ржжрзЗрж╢рзЗрж░ ржкрзНрж░рждрзНржпржХржЯрж╛ ржЬрж╛рзЯржЧрж╛ржЗ ржЖржкрж╛ржирж╛ржжрзЗрж░ ржирзЗржЯржУрзЯрж╛рж░рзНржХ рж╢ржХрзНрждрж┐рж╢рж╛рж▓рзА ржХрж░рзБржи ржЖрж░ ржЗржирзНржЯрж╛рж░ржирзЗржЯрзЗрж░ ржжрж╛ржоржЯрж╛ ржпрзЗржи рж╕ржмрж╛рж░ ржирж╛ржЧрж╛рж▓рзЗрж░ ржоржзрзНржпрзЗ ржерж╛ржХрзЗ ржПржЗ ржжрж┐ржХ ржЯрж╛ржУ ржорж╛ржерж╛рзЯ рж░рж╛ржЦржмрзЗржи ржЖрж╢рж╛ ржХрж░рж┐......,2018-02-20T11:21:22+0000,0,0,0,0,0,0
gp,1600865036657877_1600952316649149,Aiii gp vai e ra... New 4g sim kinbo . Kbe theke pabo tai bolen ??? Hudai replace r replace krtesen...ЁЯШ│ЁЯШаЁЯШаЁЯШа,2018-02-20T11:44:48+0000,0,0,0,0,0,0
gp,1600865036657877_1600963566648024,Dear grameenphone; 4g sim replace korsi ekdom onek age; bt 1.5 gb er kono offer to pelam na; amar ki abar 4g sim nite hbe?,2018-02-20T12:00:30+0000,0,0,0,0,0,0
gp,1600865036657877_1600963619981352,ржорж┐рж░ржкрзБрж░ рззрзж ржиржорзНржмрж░рзЗ ржкрж╛ржЗржирж┐ ржПржЦржирзЛред,2018-02-20T12:00:34+0000,0,0,0,0,0,0
gp,1600865036657877_1600989966645384,Ami grameen flaxiload sim kivabe pabo,2018-02-20T12:35:58+0000,0,0,0,0,0,0
gp,1600865036657877_1601010979976616,ржнрж╛рж▓рзЛржоржд 4G ржирж╛ ржЖрж╕рж╛рж░ ржЖржЧржкрж░рзНржпржирзНржд рж╕рж┐ржо рж░рж┐ржкрзНрж▓рзЗрж╕ ржХрж░ржмрзЛржирж╛,2018-02-20T13:04:39+0000,0,0,0,0,0,0
gp,1600865036657877_1601011053309942,sim replies ke free nake,2018-02-20T13:04:47+0000,0,0,0,0,0,0
gp,1600865036657877_1601012799976434,taka lagbe ki,2018-02-20T13:06:25+0000,0,0,0,0,0,0
gp,1600865036657877_1601062596638121,ржЖржорж┐ ржкрзНрж░рж╛рзЯ рзи ржорж╛рж╕ ржЖржЧрзЗ рж╕рж┐ржо рж░рж┐ржкрзНрж▓рзЗрж╕ ржХрж░рзЗржЫрж┐ред ржПржЦржи ржЖржорж┐ ржХрж┐ рзз.рзл ржЬрж┐ржмрж┐ ржкрж╛ржм 4G???,2018-02-20T13:59:50+0000,0,0,0,0,0,0
gp,1600865036657877_1601065429971171,sim replace ki free?,2018-02-20T14:02:52+0000,0,0,0,0,0,0
gp,1600865036657877_1601143489963365,ржЖржорж╛рж░ рж╕рж┐ржо ржЯрж╛ ржпрж╛ржХрзЗ ржжрж┐рзЯрзЗ рж░рзЗржЬрж┐рж╕рзНржЯрзЗржи ржХрж░рж╛ рж╕рзЗ ржжрзЗрж╢рзЗ ржирж╛ред  ржЖржорж┐ ржХрж┐ ржХрж░рзЗ рж░рж┐ржкрзНрж▓рзЗрж╕  ржХрж░ржм..........? ржЖржорж╛ржХрзЗ ржЬрж╛ржирж╛ржмрзЗржи,2018-02-20T15:22:36+0000,0,0,0,0,0,0
gp,1600865036657877_1601145126629868,ami kivaba replas korbo,2018-02-20T15:25:04+0000,0,0,0,0,0,0
gp,1600865036657877_1601208243290223,grameenphone gram-gonja network deta Parana. Kata bolta parina. 2g  3g  4g deya r ke hoba?,2018-02-20T16:23:02+0000,0,0,0,0,0,0
gp,1600865036657877_1601208289956885,grameenphone gram-gonja network deta Parana. Kata bolta parina. 2g  3g  4g deya r ke hoba?,2018-02-20T16:23:05+0000,0,0,0,0,0,0
gp,1600865036657877_1601257356618645,*121*4444#dial kre 4G 4GB message ashce  kintu net use hcce na kano,2018-02-20T17:22:23+0000,3,1,0,0,1,0
gp,1600865036657877_1601270413284006,Vai amaro eki obostha.....,2018-02-20T17:41:20+0000,0,0,0,0,1,0
gp,1600865036657877_1602286796515701,ata dial korle to kisui ase na,2018-02-21T17:07:30+0000,0,0,0,0,0,0
gp,1600865036657877_1602287629848951,4g ki porono mobile a asbe na? 4g ar jonno ki new mobile kinte hobe?,2018-02-21T17:08:50+0000,0,0,0,0,0,0
gp,1600865036657877_1601709603240087,sim replacement korte ki ki lagbe???,2018-02-21T04:35:59+0000,0,0,0,0,0,0
gp,1600865036657877_1601862969891417,replace korte tk110  r jekhono minute or internet pack tk104 taile khoros tk 214 valoi paicen,2018-02-21T07:59:13+0000,0,0,0,0,0,0
gp,1600865036657877_1601895969888117,hate goona koekjon k dissen bt aigulo nijer mot onujayi dissen,2018-02-21T08:24:41+0000,0,0,0,0,0,0
gp,1600865036657877_1602090596535321,moner moto number dite parben?,2018-02-21T13:14:06+0000,0,0,0,0,0,0
gp,1600865036657877_1602303996513981,4g ржирзЗржЯржУрзЯрж╛ржХ ржПрж▓рж╛ржХрж╛рзЯ ржЖржЫрж┐ ржХрж┐ржирж╛ ржЬрж╛ржиржмрзЛ ржХрж┐ ржнрж╛ржмрзЗ,2018-02-21T17:31:41+0000,0,0,0,0,0,0
gp,1600865036657877_1602753369802377,ржмрж╛ржЯржкрж╛рж░рж┐ ржмржирзНржз ржХрж░рзБржи,2018-02-22T04:52:48+0000,0,0,0,0,0,0
gp,1600865036657877_1602776409800073,ржХржд ржЯрж╛ржХрж╛ рж▓рж╛ржЧржмрзЗ?,2018-02-22T05:18:33+0000,0,0,0,0,0,0
gp,1600865036657877_1602868646457516,ржкрзНрж░рждрж┐ржжрж┐ржи 1.40 ржЯрж╛ржХрж╛ ржХрзЗржЯрзЗ ржирж╛ржЗ ржмржирзНржз ржХрж░рждрзЗ ржЪрж╛ржЗ,2018-02-22T07:53:25+0000,0,0,0,0,0,0
gp,1600865036657877_1604226266321754,*121*4444# dial kre 4G 4GB message ashce  kintu net use hcce na kano,2018-02-23T15:30:06+0000,0,0,1,0,0,0
gp,1600865036657877_1608077745936606,GP рж╕рж┐ржо 4G ржХрж░рж▓рзЗ ржХрзЛржи ржЯрж╛ржХрж╛ рж▓рж╛ржЧржмрзЗ ржХрж┐ржирж╛.,2018-02-27T10:13:08+0000,0,0,0,0,0,0
gp,1600865036657877_1608447485899632,ржнрж╛ржЗ ржлрж┐рж░рж┐рзЯрзЗ ржжрж┐ржи ржЖржорж╛рж░ 3G ?ржХрзЛржерж╛рзЯ ржпрзЗржи рж╣рж╛рж░рж┐рзЯрзЗ ржЧрзЗржЫрзЗред,2018-02-27T17:44:50+0000,0,0,0,0,0,0
gp,121148644629531_1540938635983851,"ржЧрзНрж░рж╛ржорзАржиржлрзЛржи ржЗржирзНржЯрж╛рж░ржирзЗржЯ рж╕ржорзНржкрж░рзНржХрж┐ржд ржЪрж▓ржорж╛ржи ржЕржлрж╛рж░рж╕ржорзВрж╣ ( Tap / Click on ""Continue Reading"" or ""See More"" )   тЦ╢ржЧрзНрж░рж╛ржорзАржгржлрзЛржи рзйрзз ржЯрж╛ржХрж╛рзЯ рзирзлрзжMB ржЗржирзНржЯрж╛рж░ржирзЗржЯ https://goo.gl/g1mXU8 тЦ╢ ржЧрзНрж░рж╛ржорзАржгржлрзЛржи рззржЬрж┐ржмрж┐ ржЗржирзНржЯрж╛рж░ржирзЗржЯ  рзпрзкржЯрж╛ржХрж╛ https://goo.gl/04nDn6 тЦ╢ ржЧрзНрж░рж╛ржорзАржгржлрзЛржи рзиржЬрж┐ржмрж┐ ржЗржирзНржЯрж╛рж░ржирзЗржЯ рззрзирзпржЯрж╛ржХрж╛рзЯ  http://goo.gl/RLN2Pn тЦ╢ржЧрзНрж░рж╛ржорзАржгржлрзЛржи рзкржЬрж┐ржмрж┐ рззрзнрзп ржЯрж╛ржХрж╛рзЯ  https://goo.gl/hFV0Fe тЦ╢ ржЧрзНрж░рж╛ржорзАржгржлрзЛржи рзмржЬрж┐ржмрж┐ рзирззрзпржЯрж╛ржХрж╛ https://goo.gl/1uoGK5 ****(рж╕ржорзНржкрзВрж░ржХ рж╢рзБрж▓рзНржХ+ржнрзНржпрж╛ржЯ+рж╕рж╛рж░ржЪрж╛рж░рзНржЬ рж╕рж╣)  тЦ╢  ржПржЦржи Grameenphone ржЗржирзНржЯрж╛рж░ржирзЗржЯ ржП ржлрзЗрж░ржд ржЖрж╕рж▓рзЗржЗ рзп ржЯрж╛ржХрж╛рзЯ рззржЬрж┐ржмрж┐ ! рзлржмрж╛рж░ ржирзЗрзЯрж╛ ржпрж╛ржмрзЗред ржПржЗ ржЕржлрж╛рж░ржЯрж┐ рж╢рзБржзрзБ рждрж╛ржжрзЗрж░ ржЬржирзНржп ржкрзНрж░ржпрзЛржЬрзНржп ржпрж╛ржжрзЗрж░ рззрзж рж╕рзЗржкрзНржЯрзЗржорзНржмрж░ рзирзжрззрзн ржерзЗржХрзЗ GP ржЗржирзНржЯрж╛рж░ржирзЗржЯ ржмрзНржпржмрж╣рж╛рж░ ржХрж░рж╛ рж╣рзЯржирж┐ред https://goo.gl/r9hYoe  тЦ╢  ржЧрзНрж░рж╛ржорзАржгржлрзЛржи ржХрзЯрзЗржХржЯрж┐ ржЗржирзНржЯрж╛рж░ржирзЗржЯ ржкрзНржпрж╛ржХрзЗ ржбрж╛ржЯрж╛ ржмрж╛рзЬрж╛ржирзЛ рж╣рзЯрзЗржЫрзЗ https://goo.gl/tN5yEd тЦ╢ ржЧрзНрж░рж╛ржорзАржгржлрзЛржи рзз.рзл ржЬрж┐ржмрж┐ рзирзирзп ржЯрж╛ржХрж╛рзЯ ржорзЗрзЯрж╛ржж рзирзоржжрж┐ржи https://goo.gl/UqMchU тЦ╢ ржЧрзНрж░рж╛ржорзАржгржлрзЛржи ржЕрзНржпрж╛ржХрж╢ржи ржкрзНржпрж╛ржХ рззржЬрж┐ржмрж┐ рззрзпрзпржЯрж╛ржХрж╛ ржУ рзиржЬрж┐ржмрж┐ рзирзпрзпржЯрж╛ржХрж╛ (ржЗржирзНржЯрж╛рж░ржирзЗржЯ ржлрзЗрж╕ржмрзБржХ ржнрж┐ржбрж┐ржУ ржУ ржЬрж┐ржкрж┐ ржорж┐ржЙржЬрж┐ржХ ржбрж╛ржЯрж╛) https://goo.gl/UnJ7JM тЦ╢ ржЧрзНрж░рж╛ржорзАржгржлрзЛржи рзлрзжрзжржПржоржмрж┐ рзирзоржжрж┐ржи ржорзЗрзЯрж╛ржж рззрзкрзпржЯрж╛ржХрж╛  https://goo.gl/u2afx6 тЦ╢ ржЧрзНрж░рж╛ржорзАржгржлрзЛржи 1GB Video Pack рзкрзп ржЯрж╛ржХрж╛рзЯ https://goo.gl/sooJZ0 тЦ╢  ржЧрзНрж░рж╛ржорзАржгржлрзЛржи 3G ржЗржирзНржЯрж╛рж░ржирзЗржЯ ржкрзНржпрж╛ржХрзЗржЬ http://goo.gl/wVvyeL тЦ╢ ржЧрзНрж░рж╛ржорзАржгржлрзЛржи рж╕рзЛрж╢рзНржпрж╛рж▓ ржкрзНржпрж╛ржХ http://goo.gl/Xz3s3s тЦ╢ Grameenphone ржПржЦржи EasyNet ржПрж░ ржлрзНрж░рж┐ Internet browsing! https://goo.gl/hLpURZ  тЦ╢ ржЧрзНрж░рж╛ржорзАржгржлрзЛржирзЗ WhatsApp ржорзНржпрж╛рж╕рзЗржЬрж┐ржВ ржХрж░рзБржи рзи.рзкрзк ржЯрж╛ржХрж╛рзЯ https://goo.gl/jvjbwp тЦ╢ ржЧрзНрж░рж╛ржорзАржиржлрзЛржи ржирждрзБржи рж╕рж┐ржорзЗ рзйржЬрж┐ржмрж┐ ржлрзНрж░рж┐ ржЗржирзНржЯрж╛рж░ржирзЗржЯ https://goo.gl/WpehBn тЦ╢  ржЧрзНрж░рж╛ржорзАржгржлрзЛржирзЗ рзиржЯрж╛ржХрж╛рзЯ рзирзжржПржоржмрж┐ ржнрж╛ржЗржмрж╛рж░ ржорзЗрж╕рзЗржЬрж┐ржВ http://goo.gl/HEIY65 тЦ╢  ржЧрзНрж░рж╛ржорзАржгржлрзЛржи рзйрзиMB ржЗржирзНржЯрж╛рж░ржирзЗржЯ Scratch Card рзпржЯрж╛ржХрж╛ https://goo.gl/mcaozg тЦ╢ ржЧрзНрж░рж╛ржорзАржгржлрзЛржи рззрзжрзжржПржоржмрж┐  ржЗржирзНржЯрж╛рж░ржирзЗржЯ рж╕рзНржХрзНрж░рзНржпрж╛ржЪ ржХрж╛рж░рзНржб  рззрзпржЯрж╛ржХрж╛ https://goo.gl/6vYoZX  тЦ╢ржЧрзНрж░рж╛ржорзАржгржлрзЛржи рзйрзлржПржоржмрж┐ ржЗржирзНржЯрж╛рж░ржирзЗржЯ рж╕рзНржХрзНрж░рзНржпрж╛ржЪ ржХрж╛рж░рзНржб рззрзжржЯрж╛ржХрж╛ https://goo.gl/3iGAfw тЦ╢  ржЧрзНрж░рж╛ржорзАржгржлрзЛржи ржЗржорж╛рж░рзНржЬрзЗржирзНрж╕рж┐  ржмрзНржпрж╛рж▓рж╛ржирзНрж╕ https://goo.gl/U1WVwf тЦ╢   ржЧрзНрж░рж╛ржорзАржгржлрзЛржи ржЗржорж╛рж░рзНржЬрзЗржирзНрж╕рж┐ ржЗржирзНржЯрж╛рж░ржирзЗржЯ ржмрзНржпрж╛рж▓рж╛ржирзНрж╕ рззрзж ржПржоржмрж┐ ржЗржирзНржЯрж╛рж░ржирзЗржЯ http://goo.gl/N4Iso4 тЦ╢  ржЧрзНрж░рж╛ржорзАржгржлрзЛржи ржирждрзБржи рзй ржЯрж┐ ржнрж┐ржбрж┐ржУ ржкрзНржпрж╛ржХ youtube bongobd popcornlive http://goo.gl/geQ1B1  тЦ╢  Grameenphone Smart-Mega Plan ржП рзйрзж ржжрж┐ржирзЗрж░ ржЬржирзНржп рзй ржЬрж┐ржмрж┐ ржЗржирзНржЯрж╛рж░ржирзЗржЯ  рзмрзжрзж ржорж┐ржирж┐ржЯ (ржпрзЗржХрзЛржирзЛ рж▓рзЛржХрж╛рж▓ ржиржорзНржмрж░рзЗ) ржЯржХрзН ржЯрж╛ржЗржо  рзмрзжрзж ржЯрж┐ SMS (ржЬрж┐ржкрж┐-ржЬрж┐ржкрж┐) ржПржмржВ рзмрзжрзж ржЯрж┐ MMS. http://goo.gl/BnlqTB  тЦ╢  Grameenphone Smart-Midi Plan ржП рзйрзж ржжрж┐ржирзЗрж░ ржЬржирзНржп рзз.рзл ржЬрж┐ржмрж┐ ржЗржирзНржЯрж╛рж░ржирзЗржЯ  рзкрзжрзж ржорж┐ржирж┐ржЯ (ржпрзЗржХрзЛржирзЛ рж▓рзЛржХрж╛рж▓ ржиржорзНржмрж░рзЗ) ржЯржХрзН ржЯрж╛ржЗржо  рзкрзжрзж ржЯрж┐ SMS (ржЬрж┐ржкрж┐-ржЬрж┐ржкрж┐) ржПржмржВ рзкрзжрзж ржЯрж┐ MMS http://goo.gl/alfFi2",2017-12-21T16:00:00+0000,24,111,0,2,0,0
gp,1540938635983851_1541025449308503,why so costly???,2017-12-21T16:04:27+0000,0,0,0,0,0,0
gp,1540938635983851_1541027625974952,its mb cost is high..plz make 1 month low price cost..,2017-12-21T16:08:47+0000,0,1,0,0,0,0
gp,1540938635983851_1541047842639597,gp sim'e kiso din age 9tk'e 1gb'r smd diclo bt harai flc code ta dite prben,2017-12-21T16:35:01+0000,0,0,0,0,0,0
gp,1540938635983851_1541058402638541,01737687852 ржЖржЪрзНржЫрж╛ ржнрж╛ржЗрзЯрж╛ ржПржЗ ржирж╛ржорзНржмрж╛рж░рзЗ ржЯрж╛ржХрж╛ рж░рж┐ржЪрж╛рж░рзНржЬ ржХрж░рж▓рзЗ ржорзЗрж╕рзЗржЬ ржЖрж╕рзЗ ржХрж┐ржирзНрждрзБрзБ ржЯрж╛ржХрж╛ ржЖрж╕рзЗржирж╛....рж╕ржорж╕рзНржпрж╛ ржХрж┐ ржжрзЯрж╛ ржХрж░рзЗ ржЬрж╛ржирж╛ржмрзЗржи,2017-12-21T16:47:14+0000,0,0,0,0,0,0
gp,1540938635983851_1541065022637879,рзмрзп ржЯрж╛ржХрж╛рзЯ ржжрзБржЗ ржЬрж┐ржмрж┐ ржжрзЗржУрзЯрж╛ ржпрж╛рзЯ ржирж╛ рзн ржжрж┐ржи рзз ржЬрж┐ржмрж┐ ржирж╛ржЗржЯ рзз ржЬрж┐ржмрж┐ ржбрзЗ ржирж╛ржЗржЯ,2017-12-21T16:57:29+0000,0,1,0,0,0,0
gp,1540938635983851_1541066479304400,ржПржХржЯрж╛ ржХрж┐ржирж▓рзЗ ржкрж░рзЗрж░ржЯрж╛ ржлрж┐ ржжрж░ржХрж╛рж░ ржЪрж┐рж▓,2017-12-21T16:58:51+0000,0,0,0,0,0,0
gp,1540938635983851_1541750592569322,GP internet speed 10~500 kb/s max,2017-12-22T13:10:36+0000,0,0,0,0,0,0
gp,1540938635983851_1541866739224374,grameenphone er customer service er number ta den..,2017-12-22T15:44:24+0000,0,0,0,0,0,0
gp,1540938635983851_1542530259158022,vai amar outgoing call barring somehow enable hoye gese.akhon disable korte chaile password chaitese kintu password ami jani na.akhon ki korbo.keu kisu janle bolben please,2017-12-23T11:13:53+0000,0,0,0,0,0,0
gp,1540938635983851_1542605842483797,ржЖржкржирж╛ржжрзЗрж░ ржХрж╛рж╕ржЯржорж╛рж░ ржХрзЗрзЯрж╛рж░ ржЗрж░ рж╕рж╛ржерзЗ ржХржерж╛ ржмрж▓рж╛рж░ ржЬржирзНржп ржХрзЛржи ржЕржкрж╕ржи ржЪрж╛ржкржм,2017-12-23T12:23:27+0000,0,0,0,0,0,0
gp,1540938635983851_1542779639133084,ржЗржирзНржЯрж╛рж░ржирзЗржЯ ржЕржлрж╛рж░ржЧрзБрж▓рзЛ рж╕рж╣ржЬ рж╢рж░рзНрждрзЗ рж╕ржХрж▓ рж╕рж┐ржорзЗрж░ ржЬржирзНржп ржкрзНрж░рзЯрзЛржЬржпрзНржп ржХрж░рж╛ ржЙржЪрж┐рждред,2017-12-23T16:24:50+0000,0,0,0,0,0,0
gp,1540938635983851_1543601822384199,Today I received SMS from gp  4 GB download korle 4gb free now I download 4 GB but still I'm not received any free Mb its all most 3 hour why ???? My number is 01778369701,2017-12-24T14:26:18+0000,0,0,0,0,0,0
gp,1540938635983851_1543608575716857,Go sim diye net cholche na. Age colche kintu ekhon colena. Abar on no operatorer sim diye Cole. Somadhan ki?,2017-12-24T14:35:12+0000,0,0,0,0,0,0
gp,1540938635983851_1544658282278553,рззрзн ржЯрж╛ржХрж╛рзЯ рзз ржЬрж┐ржкрж┐ рзн ржЬрж╛ржирзБрзЯрж╛рж░рж┐ ржоржзрзНржпрзЗ  ржПржХрзНржЯрж┐ржм ржирж╛ржорзНржмрж╛рж░ржЯрж╛ ржнрзБрж▓рзЗ ржЧрзЗржЫрж┐  ржжрзЯрж╛ ржХрж░рзЗ ржЬрж╛ржирж╛ржмрзЗржи ржХрж┐?   рзжрззрзнрзлрззрзлрззрзпрзмрзорзк,2017-12-25T16:15:03+0000,0,0,0,0,0,0
gp,1540938635983851_1544669245610790,99tk ar bundle pack ar  somay kei barano Java   ,2017-12-25T16:33:13+0000,0,0,0,0,0,0
gp,1540938635983851_1545249805552734,GP offer me if I update my FlexiPlan app will give me 250mb...I updated my app but I don't get 250mb..why?,2017-12-26T09:00:43+0000,0,1,0,0,0,0
gp,1540938635983851_1545606522183729,GP er ki kono YouTube package ache??,2017-12-26T17:45:47+0000,0,0,0,0,0,0
gp,1540938635983851_1545825905495124,9 ржЯрж╛ржХрж╛рж░ 1 ржЬрж┐ржмрж┐ ржЕржлрж╛рж░ржЯрж╛ ржЖрж░ ржирзЗржЗ,2017-12-26T23:50:05+0000,0,0,0,0,0,0
gp,1540938635983851_1545916828819365,9takai 1gb 5 bar aitar code din please??,2017-12-27T02:22:53+0000,0,0,0,0,0,0
gp,1540938635983851_1548905765187138,kom Takar mddhe beshi mb payar upai,2017-12-30T16:32:26+0000,0,0,0,0,0,0
gp,1540938635983851_1548906051853776,gp,2017-12-30T16:32:54+0000,0,0,0,0,0,0
gp,1540938635983851_1587701247974256,ara vaii buglam na kono comment ar reaply korsen na kano.,2018-02-07T04:18:42+0000,0,0,0,0,0,1
gp,121148644629531_1539455926132122,ржШрж░рзЗ ржмрж╕рзЗржЗ ржПржЦржи 3G рж░рж┐ржкрзНрж▓рзЗрж╕ржорзЗржирзНржЯ ржХрж░рзЗ ржирж┐рзЯрзЗ ржирж┐ржи 4G рж╕рж┐ржо! ржмрж░рзНрждржорж╛ржирзЗ рж╢рзБржзрзБ ржврж╛ржХрж╛ рж╢рж╣рж░рзЗ ржП рж╕рзЗржмрж╛ ржжрзЗрзЯрж╛ рж╣ржЪрзНржЫрзЗ https://goo.gl/Uxhgom,2017-12-19T19:08:56+0000,3,128,1,0,0,0
gp,1539455926132122_1539752622769119,Rajshahi ta koba asbe????,2017-12-20T04:19:52+0000,0,0,0,0,0,0
gp,1539455926132122_1565531686857879,ржЖржорж╛рж░ рж╕рж┐ржоржЯрж┐ ржмржирзНржз ржЖржЫрзЗ рзм ржорж╛рж╕редржПржЦржи рзк ржЬрж┐ рж╕рж┐ржо  ржирж┐ржмрзЛ ржкрж╛рж░ржмрзЛ? micro sim рж▓рж╛ржЧржмрзЗред,2018-01-16T16:25:05+0000,0,0,0,0,0,0
gp,1539455926132122_1592492107495170,ржХрзЗржи ржнрж╛ржЗред ржврж╛ржХрж╛рж░ ржмрж╛ржЗрж░рзЗрж░ рж▓рзЛржХ ржХрж┐ ржЕржкрж░рж╛ржз ржХрж░рзЗржЫрзЗ?,2018-02-12T02:39:38+0000,0,0,0,0,0,0
gp,121148644629531_1533654446712270,"ржЗржирзНржЯрж╛рж░ржирзЗржЯ рж╕ржорзНржкрж░рзНржХрж┐ржд ржЪрж▓ржорж╛ржи ржЕржлрж╛рж░рж╕ржорзВрж╣ ( Tap / Click on ""Continue Reading"" or ""See More"" )   тЦ╢ржЧрзНрж░рж╛ржорзАржгржлрзЛржи рзйрзз ржЯрж╛ржХрж╛рзЯ рзирзлрзжMB ржЗржирзНржЯрж╛рж░ржирзЗржЯ https://goo.gl/g1mXU8 тЦ╢ ржЧрзНрж░рж╛ржорзАржгржлрзЛржи рззржЬрж┐ржмрж┐ ржЗржирзНржЯрж╛рж░ржирзЗржЯ  рзпрзкржЯрж╛ржХрж╛ https://goo.gl/04nDn6 тЦ╢ ржЧрзНрж░рж╛ржорзАржгржлрзЛржи рзиржЬрж┐ржмрж┐ ржЗржирзНржЯрж╛рж░ржирзЗржЯ рззрзирзпржЯрж╛ржХрж╛рзЯ  http://goo.gl/RLN2Pn тЦ╢ржЧрзНрж░рж╛ржорзАржгржлрзЛржи рзкржЬрж┐ржмрж┐ рззрзнрзп ржЯрж╛ржХрж╛рзЯ  https://goo.gl/hFV0Fe тЦ╢ ржЧрзНрж░рж╛ржорзАржгржлрзЛржи рзмржЬрж┐ржмрж┐ рзирззрзпржЯрж╛ржХрж╛ https://goo.gl/1uoGK5 ****(рж╕ржорзНржкрзВрж░ржХ рж╢рзБрж▓рзНржХ+ржнрзНржпрж╛ржЯ+рж╕рж╛рж░ржЪрж╛рж░рзНржЬ рж╕рж╣)  тЦ╢  ржПржЦржи Grameenphone ржЗржирзНржЯрж╛рж░ржирзЗржЯ ржП ржлрзЗрж░ржд ржЖрж╕рж▓рзЗржЗ рзп ржЯрж╛ржХрж╛рзЯ рззржЬрж┐ржмрж┐ ! рзлржмрж╛рж░ ржирзЗрзЯрж╛ ржпрж╛ржмрзЗред ржПржЗ ржЕржлрж╛рж░ржЯрж┐ рж╢рзБржзрзБ рждрж╛ржжрзЗрж░ ржЬржирзНржп ржкрзНрж░ржпрзЛржЬрзНржп ржпрж╛ржжрзЗрж░ рззрзж рж╕рзЗржкрзНржЯрзЗржорзНржмрж░ рзирзжрззрзн ржерзЗржХрзЗ GP ржЗржирзНржЯрж╛рж░ржирзЗржЯ ржмрзНржпржмрж╣рж╛рж░ ржХрж░рж╛ рж╣рзЯржирж┐ред https://goo.gl/r9hYoe  тЦ╢  ржЧрзНрж░рж╛ржорзАржгржлрзЛржи ржХрзЯрзЗржХржЯрж┐ ржЗржирзНржЯрж╛рж░ржирзЗржЯ ржкрзНржпрж╛ржХрзЗ ржбрж╛ржЯрж╛ ржмрж╛рзЬрж╛ржирзЛ рж╣рзЯрзЗржЫрзЗ https://goo.gl/tN5yEd тЦ╢ ржЧрзНрж░рж╛ржорзАржгржлрзЛржи рзз.рзл ржЬрж┐ржмрж┐ рзирзирзп ржЯрж╛ржХрж╛рзЯ ржорзЗрзЯрж╛ржж рзирзоржжрж┐ржи https://goo.gl/UqMchU тЦ╢ ржЧрзНрж░рж╛ржорзАржгржлрзЛржи ржЕрзНржпрж╛ржХрж╢ржи ржкрзНржпрж╛ржХ рззржЬрж┐ржмрж┐ рззрзпрзпржЯрж╛ржХрж╛ ржУ рзиржЬрж┐ржмрж┐ рзирзпрзпржЯрж╛ржХрж╛ (ржЗржирзНржЯрж╛рж░ржирзЗржЯ ржлрзЗрж╕ржмрзБржХ ржнрж┐ржбрж┐ржУ ржУ ржЬрж┐ржкрж┐ ржорж┐ржЙржЬрж┐ржХ ржбрж╛ржЯрж╛) https://goo.gl/UnJ7JM тЦ╢ ржЧрзНрж░рж╛ржорзАржгржлрзЛржи рзлрзжрзжржПржоржмрж┐ рзирзоржжрж┐ржи ржорзЗрзЯрж╛ржж рззрзкрзпржЯрж╛ржХрж╛  https://goo.gl/u2afx6 тЦ╢ ржЧрзНрж░рж╛ржорзАржгржлрзЛржи 1GB Video Pack рзкрзп ржЯрж╛ржХрж╛рзЯ https://goo.gl/sooJZ0 тЦ╢  ржЧрзНрж░рж╛ржорзАржгржлрзЛржи 3G ржЗржирзНржЯрж╛рж░ржирзЗржЯ ржкрзНржпрж╛ржХрзЗржЬ http://goo.gl/wVvyeL тЦ╢ ржЧрзНрж░рж╛ржорзАржгржлрзЛржи рж╕рзЛрж╢рзНржпрж╛рж▓ ржкрзНржпрж╛ржХ http://goo.gl/Xz3s3s тЦ╢ Grameenphone ржПржЦржи EasyNet ржПрж░ ржлрзНрж░рж┐ Internet browsing! https://goo.gl/hLpURZ  тЦ╢ ржЧрзНрж░рж╛ржорзАржгржлрзЛржирзЗ WhatsApp ржорзНржпрж╛рж╕рзЗржЬрж┐ржВ ржХрж░рзБржи рзи.рзкрзк ржЯрж╛ржХрж╛рзЯ https://goo.gl/jvjbwp тЦ╢ ржЧрзНрж░рж╛ржорзАржиржлрзЛржи ржирждрзБржи рж╕рж┐ржорзЗ рзйржЬрж┐ржмрж┐ ржлрзНрж░рж┐ ржЗржирзНржЯрж╛рж░ржирзЗржЯ https://goo.gl/WpehBn тЦ╢  ржЧрзНрж░рж╛ржорзАржгржлрзЛржирзЗ рзиржЯрж╛ржХрж╛рзЯ рзирзжржПржоржмрж┐ ржнрж╛ржЗржмрж╛рж░ ржорзЗрж╕рзЗржЬрж┐ржВ http://goo.gl/HEIY65 тЦ╢  ржЧрзНрж░рж╛ржорзАржгржлрзЛржи рзйрзиMB ржЗржирзНржЯрж╛рж░ржирзЗржЯ Scratch Card рзпржЯрж╛ржХрж╛ https://goo.gl/mcaozg тЦ╢ ржЧрзНрж░рж╛ржорзАржгржлрзЛржи рззрзжрзжржПржоржмрж┐  ржЗржирзНржЯрж╛рж░ржирзЗржЯ рж╕рзНржХрзНрж░рзНржпрж╛ржЪ ржХрж╛рж░рзНржб  рззрзпржЯрж╛ржХрж╛ https://goo.gl/6vYoZX  тЦ╢ржЧрзНрж░рж╛ржорзАржгржлрзЛржи рзйрзлржПржоржмрж┐ ржЗржирзНржЯрж╛рж░ржирзЗржЯ рж╕рзНржХрзНрж░рзНржпрж╛ржЪ ржХрж╛рж░рзНржб рззрзжржЯрж╛ржХрж╛ https://goo.gl/3iGAfw тЦ╢  ржЧрзНрж░рж╛ржорзАржгржлрзЛржи ржЗржорж╛рж░рзНржЬрзЗржирзНрж╕рж┐  ржмрзНржпрж╛рж▓рж╛ржирзНрж╕ https://goo.gl/U1WVwf тЦ╢   ржЧрзНрж░рж╛ржорзАржгржлрзЛржи ржЗржорж╛рж░рзНржЬрзЗржирзНрж╕рж┐ ржЗржирзНржЯрж╛рж░ржирзЗржЯ ржмрзНржпрж╛рж▓рж╛ржирзНрж╕ рззрзж ржПржоржмрж┐ ржЗржирзНржЯрж╛рж░ржирзЗржЯ http://goo.gl/N4Iso4 тЦ╢  ржЧрзНрж░рж╛ржорзАржгржлрзЛржи ржирждрзБржи рзй ржЯрж┐ ржнрж┐ржбрж┐ржУ ржкрзНржпрж╛ржХ youtube bongobd popcornlive http://goo.gl/geQ1B1  тЦ╢  Grameenphone Smart-Mega Plan ржП рзйрзж ржжрж┐ржирзЗрж░ ржЬржирзНржп рзй ржЬрж┐ржмрж┐ ржЗржирзНржЯрж╛рж░ржирзЗржЯ  рзмрзжрзж ржорж┐ржирж┐ржЯ (ржпрзЗржХрзЛржирзЛ рж▓рзЛржХрж╛рж▓ ржиржорзНржмрж░рзЗ) ржЯржХрзН ржЯрж╛ржЗржо  рзмрзжрзж ржЯрж┐ SMS (ржЬрж┐ржкрж┐-ржЬрж┐ржкрж┐) ржПржмржВ рзмрзжрзж ржЯрж┐ MMS. http://goo.gl/BnlqTB  тЦ╢  Grameenphone Smart-Midi Plan ржП рзйрзж ржжрж┐ржирзЗрж░ ржЬржирзНржп рзз.рзл ржЬрж┐ржмрж┐ ржЗржирзНржЯрж╛рж░ржирзЗржЯ  рзкрзжрзж ржорж┐ржирж┐ржЯ (ржпрзЗржХрзЛржирзЛ рж▓рзЛржХрж╛рж▓ ржиржорзНржмрж░рзЗ) ржЯржХрзН ржЯрж╛ржЗржо  рзкрзжрзж ржЯрж┐ SMS (ржЬрж┐ржкрж┐-ржЬрж┐ржкрж┐) ржПржмржВ рзкрзжрзж ржЯрж┐ MMS http://goo.gl/alfFi2",2017-12-13T14:36:36+0000,11,101,1,0,0,0
gp,1533654446712270_1533661656711549,рззржЬрж┐ржмрж┐ рззрзн ржЯрж╛ржХрж╛ржпрж╝  ржорзЗржпрж╝рж╛ржж рзнржжрж┐ржиредржбрж╛ржпрж╝рж╛рж▓ *рзлрзжрзирзж*рзирзжрзпрзп# ржХрж▓ ржХрж░рзЗ ржкрж╛ржУржпрж╝рж╛рж░ ржХржерж╛ ржкрзЗрж▓рж╛ржо ржирж╛ ржХрзЗржирзЛ?,2017-12-13T14:46:52+0000,2,2,0,0,0,0
gp,1533654446712270_1534674916610223,akana ki kono reply  paoa jay na,2017-12-14T16:32:25+0000,0,0,0,0,0,0
gp,1533654446712270_1533664083377973,?,2017-12-13T14:50:17+0000,0,1,0,0,0,0
gp,1533654446712270_1533871703357211,2gb night pack ki off korea daowa hoicaa??,2017-12-13T19:41:48+0000,0,0,0,0,0,0
gp,1533654446712270_1534523583292023,Shob ajaira offer. J lok 129 takay 2 gb tao 7 days....tara better monthly 600 taka diye wifi use kore. Tahoke gp offer ki dilo? This is not offer. Business only.,2017-12-14T13:15:26+0000,0,0,0,0,0,0
gp,1533654446712270_1534762276601487,9tk 1gb ai ta ke total 5ber e neya jabby? na ke mas a 5ber?,2017-12-14T18:36:23+0000,0,0,0,0,0,0
gp,1533654446712270_1535809863163395,gp coupon code konta,2017-12-15T18:23:41+0000,0,0,0,0,0,0
gp,1533654446712270_1537097266367988,New sim 6 bar 1GB kore 9 taka dhukale calu hobe kintu ame 1 bar pailam kano amak ki bolben plesse amar number ta 01794682159,2017-12-17T02:54:28+0000,0,0,0,0,0,0
gp,1533654446712270_1537795852964796,EMERGE Internet ржХрж┐ ржнрж╛ржмрзЗ ржирзЗржм,2017-12-17T21:06:19+0000,0,0,0,0,0,0
gp,1533654446712270_1541878705889844,1GB ржкрзЗрждрзЗ рзйрзж ржЯрж╛ржХрж╛ рж░рж┐ржЪрж╛рж░рзНржЬ ржХрж░рзЗ ржХрзЛржи ржирж╛ржорзНржмрж╛рж░рзЗ ржбрж╛рзЯрж╛рж▓ ржХрж░рждрзЗ рж╣ржмрзЗ,2017-12-22T16:01:27+0000,0,0,0,0,0,0
gp,1533654446712270_1601203813290666,ржПржХржЗ ржкрзНржпрж╛ржХрзЗржЬ ржкрж░ ржкрж░ ржжрзБржЗржмрж╛рж░ ржирж┐рж▓рзЗ ржлрзНрж░рж┐ ржЯрж╛ ржХрж┐ржнрж╛ржмрзЗ ржкрж╛ржмрзЛ,2018-02-20T16:17:23+0000,0,0,0,0,0,0
gp,121148644629531_1527936593950722,"ржЧрзНрж░рж╛ржорзАржиржлрзЛржи ржЗржирзНржЯрж╛рж░ржирзЗржЯ рж╕ржорзНржкрж░рзНржХрж┐ржд ржЪрж▓ржорж╛ржи ржЕржлрж╛рж░рж╕ржорзВрж╣ ( Tap / Click on ""Continue Reading"" or ""See More"" )   тЦ╢ржЧрзНрж░рж╛ржорзАржгржлрзЛржи рзйрзз ржЯрж╛ржХрж╛рзЯ рзирзлрзжMB ржЗржирзНржЯрж╛рж░ржирзЗржЯ https://goo.gl/g1mXU8 тЦ╢ ржЧрзНрж░рж╛ржорзАржгржлрзЛржи рззржЬрж┐ржмрж┐ ржЗржирзНржЯрж╛рж░ржирзЗржЯ  рзпрзкржЯрж╛ржХрж╛ https://goo.gl/04nDn6 тЦ╢ ржЧрзНрж░рж╛ржорзАржгржлрзЛржи рзиржЬрж┐ржмрж┐ ржЗржирзНржЯрж╛рж░ржирзЗржЯ рззрзирзпржЯрж╛ржХрж╛рзЯ  http://goo.gl/RLN2Pn тЦ╢ржЧрзНрж░рж╛ржорзАржгржлрзЛржи рзкржЬрж┐ржмрж┐ рззрзнрзп ржЯрж╛ржХрж╛рзЯ  https://goo.gl/hFV0Fe тЦ╢ ржЧрзНрж░рж╛ржорзАржгржлрзЛржи рзмржЬрж┐ржмрж┐ рзирззрзпржЯрж╛ржХрж╛ https://goo.gl/1uoGK5 ****(рж╕ржорзНржкрзВрж░ржХ рж╢рзБрж▓рзНржХ+ржнрзНржпрж╛ржЯ+рж╕рж╛рж░ржЪрж╛рж░рзНржЬ рж╕рж╣)  тЦ╢  ржПржЦржи Grameenphone ржЗржирзНржЯрж╛рж░ржирзЗржЯ ржП ржлрзЗрж░ржд ржЖрж╕рж▓рзЗржЗ рзп ржЯрж╛ржХрж╛рзЯ рззржЬрж┐ржмрж┐ ! рзлржмрж╛рж░ ржирзЗрзЯрж╛ ржпрж╛ржмрзЗред ржПржЗ ржЕржлрж╛рж░ржЯрж┐ рж╢рзБржзрзБ рждрж╛ржжрзЗрж░ ржЬржирзНржп ржкрзНрж░ржпрзЛржЬрзНржп ржпрж╛ржжрзЗрж░ рззрзж рж╕рзЗржкрзНржЯрзЗржорзНржмрж░ рзирзжрззрзн ржерзЗржХрзЗ GP ржЗржирзНржЯрж╛рж░ржирзЗржЯ ржмрзНржпржмрж╣рж╛рж░ ржХрж░рж╛ рж╣рзЯржирж┐ред https://goo.gl/r9hYoe  тЦ╢  ржЧрзНрж░рж╛ржорзАржгржлрзЛржи ржХрзЯрзЗржХржЯрж┐ ржЗржирзНржЯрж╛рж░ржирзЗржЯ ржкрзНржпрж╛ржХрзЗ ржбрж╛ржЯрж╛ ржмрж╛рзЬрж╛ржирзЛ рж╣рзЯрзЗржЫрзЗ https://goo.gl/tN5yEd тЦ╢ ржЧрзНрж░рж╛ржорзАржгржлрзЛржи рзз.рзл ржЬрж┐ржмрж┐ рзирзирзп ржЯрж╛ржХрж╛рзЯ ржорзЗрзЯрж╛ржж рзирзоржжрж┐ржи https://goo.gl/UqMchU тЦ╢ ржЧрзНрж░рж╛ржорзАржгржлрзЛржи ржЕрзНржпрж╛ржХрж╢ржи ржкрзНржпрж╛ржХ рззржЬрж┐ржмрж┐ рззрзпрзпржЯрж╛ржХрж╛ ржУ рзиржЬрж┐ржмрж┐ рзирзпрзпржЯрж╛ржХрж╛ (ржЗржирзНржЯрж╛рж░ржирзЗржЯ ржлрзЗрж╕ржмрзБржХ ржнрж┐ржбрж┐ржУ ржУ ржЬрж┐ржкрж┐ ржорж┐ржЙржЬрж┐ржХ ржбрж╛ржЯрж╛) https://goo.gl/UnJ7JM тЦ╢ ржЧрзНрж░рж╛ржорзАржгржлрзЛржи рзлрзжрзжржПржоржмрж┐ рзирзоржжрж┐ржи ржорзЗрзЯрж╛ржж рззрзкрзпржЯрж╛ржХрж╛  https://goo.gl/u2afx6 тЦ╢ ржЧрзНрж░рж╛ржорзАржгржлрзЛржи 1GB Video Pack рзкрзп ржЯрж╛ржХрж╛рзЯ https://goo.gl/sooJZ0 тЦ╢  ржЧрзНрж░рж╛ржорзАржгржлрзЛржи 3G ржЗржирзНржЯрж╛рж░ржирзЗржЯ ржкрзНржпрж╛ржХрзЗржЬ http://goo.gl/wVvyeL тЦ╢ ржЧрзНрж░рж╛ржорзАржгржлрзЛржи рж╕рзЛрж╢рзНржпрж╛рж▓ ржкрзНржпрж╛ржХ http://goo.gl/Xz3s3s тЦ╢ Grameenphone ржПржЦржи EasyNet ржПрж░ ржлрзНрж░рж┐ Internet browsing! https://goo.gl/hLpURZ  тЦ╢ ржЧрзНрж░рж╛ржорзАржгржлрзЛржирзЗ WhatsApp ржорзНржпрж╛рж╕рзЗржЬрж┐ржВ ржХрж░рзБржи рзи.рзкрзк ржЯрж╛ржХрж╛рзЯ https://goo.gl/jvjbwp тЦ╢ ржЧрзНрж░рж╛ржорзАржиржлрзЛржи ржирждрзБржи рж╕рж┐ржорзЗ рзйржЬрж┐ржмрж┐ ржлрзНрж░рж┐ ржЗржирзНржЯрж╛рж░ржирзЗржЯ https://goo.gl/WpehBn тЦ╢  ржЧрзНрж░рж╛ржорзАржгржлрзЛржирзЗ рзиржЯрж╛ржХрж╛рзЯ рзирзжржПржоржмрж┐ ржнрж╛ржЗржмрж╛рж░ ржорзЗрж╕рзЗржЬрж┐ржВ http://goo.gl/HEIY65 тЦ╢  ржЧрзНрж░рж╛ржорзАржгржлрзЛржи рзйрзиMB ржЗржирзНржЯрж╛рж░ржирзЗржЯ Scratch Card рзпржЯрж╛ржХрж╛ https://goo.gl/mcaozg тЦ╢ ржЧрзНрж░рж╛ржорзАржгржлрзЛржи рззрзжрзжржПржоржмрж┐  ржЗржирзНржЯрж╛рж░ржирзЗржЯ рж╕рзНржХрзНрж░рзНржпрж╛ржЪ ржХрж╛рж░рзНржб  рззрзпржЯрж╛ржХрж╛ https://goo.gl/6vYoZX  тЦ╢ржЧрзНрж░рж╛ржорзАржгржлрзЛржи рзйрзлржПржоржмрж┐ ржЗржирзНржЯрж╛рж░ржирзЗржЯ рж╕рзНржХрзНрж░рзНржпрж╛ржЪ ржХрж╛рж░рзНржб рззрзжржЯрж╛ржХрж╛ https://goo.gl/3iGAfw тЦ╢  ржЧрзНрж░рж╛ржорзАржгржлрзЛржи ржЗржорж╛рж░рзНржЬрзЗржирзНрж╕рж┐  ржмрзНржпрж╛рж▓рж╛ржирзНрж╕ https://goo.gl/U1WVwf тЦ╢   ржЧрзНрж░рж╛ржорзАржгржлрзЛржи ржЗржорж╛рж░рзНржЬрзЗржирзНрж╕рж┐ ржЗржирзНржЯрж╛рж░ржирзЗржЯ ржмрзНржпрж╛рж▓рж╛ржирзНрж╕ рззрзж ржПржоржмрж┐ ржЗржирзНржЯрж╛рж░ржирзЗржЯ http://goo.gl/N4Iso4 тЦ╢  ржЧрзНрж░рж╛ржорзАржгржлрзЛржи ржирждрзБржи рзй ржЯрж┐ ржнрж┐ржбрж┐ржУ ржкрзНржпрж╛ржХ youtube bongobd popcornlive http://goo.gl/geQ1B1  тЦ╢  Grameenphone Smart-Mega Plan ржП рзйрзж ржжрж┐ржирзЗрж░ ржЬржирзНржп рзй ржЬрж┐ржмрж┐ ржЗржирзНржЯрж╛рж░ржирзЗржЯ  рзмрзжрзж ржорж┐ржирж┐ржЯ (ржпрзЗржХрзЛржирзЛ рж▓рзЛржХрж╛рж▓ ржиржорзНржмрж░рзЗ) ржЯржХрзН ржЯрж╛ржЗржо  рзмрзжрзж ржЯрж┐ SMS (ржЬрж┐ржкрж┐-ржЬрж┐ржкрж┐) ржПржмржВ рзмрзжрзж ржЯрж┐ MMS. http://goo.gl/BnlqTB  тЦ╢  Grameenphone Smart-Midi Plan ржП рзйрзж ржжрж┐ржирзЗрж░ ржЬржирзНржп рзз.рзл ржЬрж┐ржмрж┐ ржЗржирзНржЯрж╛рж░ржирзЗржЯ  рзкрзжрзж ржорж┐ржирж┐ржЯ (ржпрзЗржХрзЛржирзЛ рж▓рзЛржХрж╛рж▓ ржиржорзНржмрж░рзЗ) ржЯржХрзН ржЯрж╛ржЗржо  рзкрзжрзж ржЯрж┐ SMS (ржЬрж┐ржкрж┐-ржЬрж┐ржкрж┐) ржПржмржВ рзкрзжрзж ржЯрж┐ MMS http://goo.gl/alfFi2",2017-12-07T12:55:02+0000,4,85,1,0,0,1
gp,1527936593950722_1528033453941036,ржЬрж┐ржкрж┐ ржЯрзБ ржЬрж┐ржкрж┐ ржПржоржмрж┐ ржЯрзНрж░рж╛ржирзНрж╕ржлрж╛рж░ ржХрж┐ ржХрж░рзЗ ржЬрж╛ржирж╛ржмрзЗржи ржПржХржЯрзБ,2017-12-07T14:43:45+0000,1,0,0,0,0,0
gp,1527936593950722_1532606633483718,ржЖржорж┐ ржУржЯрж╛ ржЬрж╛ржирждрзЗ ржЪрж╛ржЗрждрзЗржЫрж┐,2017-12-12T11:24:55+0000,0,1,0,0,0,0
gp,1527936593950722_1528055073938874,Grameenphone рж░рж╛рждрзЗрж░ data package ржХрж┐?,2017-12-07T15:13:21+0000,0,0,0,0,0,0
gp,1527936593950722_1528062657271449,gp internet er speed ta baran,2017-12-07T15:23:03+0000,1,1,0,0,0,0
gp,1527936593950722_1528073173937064,ржЖржорж╛рж░ржУ ржПржХржЗ ржЪрж╛ржУрзЯрж╛   - ржЖHMED ржЖFAJ -,2017-12-07T15:35:34+0000,0,0,0,0,0,0
gp,121148644629531_1526949940716054,тЦ╢ ржПржЦржи Grameenphone ржЗржирзНржЯрж╛рж░ржирзЗржЯ ржП ржлрзЗрж░ржд ржЖрж╕рж▓рзЗржЗ рзп ржЯрж╛ржХрж╛рзЯ рззржЬрж┐ржмрж┐ ! рзлржмрж╛рж░ ржирзЗрзЯрж╛ ржпрж╛ржмрзЗред ржПржЗ ржЕржлрж╛рж░ржЯрж┐ рж╢рзБржзрзБ рждрж╛ржжрзЗрж░ ржЬржирзНржп ржкрзНрж░ржпрзЛржЬрзНржп ржпрж╛ржжрзЗрж░ рззрзж рж╕рзЗржкрзНржЯрзЗржорзНржмрж░ рзирзжрззрзн ржерзЗржХрзЗ GP ржЗржирзНржЯрж╛рж░ржирзЗржЯ ржмрзНржпржмрж╣рж╛рж░ ржХрж░рж╛ рж╣рзЯржирж┐ред https://goo.gl/r9hYoe  тЦ╢ржЧрзНрж░рж╛ржорзАржгржлрзЛржи ржлрзНрж░рж┐ рж╕рзНржорж╛рж░рзНржЯржлрзЛржи! рж╕ржХрж╛рж▓ рззрзжржЯрж╛ ржерзЗржХрзЗ рж░рж╛ржд рззрзжржЯрж╛ ржПрж░ ржоржзрзНржпрзЗ ржкрзНрж░рждрж┐ рзл ржорж┐ржирж┐ржЯрзЗ рж╕рж░рзНржмржкрзНрж░ржержо рж░рж┐ржЪрж╛рж░рзНржЬ ржХрж░рзЗ ржЬрж┐рждрзЗ ржирж┐рждрзЗ ржкрж╛рж░рзЗржи ржПржХржЯрж┐ ржлрзНрж░рж┐ Symphony G20 рж╕рзНржорж╛рж░рзНржЯржлрзЛржи !  ** рж░рж┐ржЪрж╛рж░рзНржЬржХрзГржд ржЕрзНржпрж╛ржорж╛ржЙржирзНржЯ ржЧрзНрж░рж╛рж╣ржХрзЗрж░ ржорзВрж▓ ржмрзНржпрж╛рж▓рзЗржирзНрж╕-ржПрж░ рж╕рж╛ржерзЗ ржпрзЛржЧ рж╣ржмрзЗ **рж╕рж╛ржерзЗ рж╕рзНржкрзЗрж╢рж╛рж▓ ржХрж▓рж░рзЗржЯ ржбрж╛ржЯрж╛ ржУрзЯрзЗрж▓ржХрж╛ржо ржЯрж┐ржЙржи рж╕рж╛ржмрж╕рзНржХрзНрж░рж┐ржкрж╢ржи ржлрзНрж░рж┐ ржЕржлрж╛рж░ржЯрж┐ ржЪрж▓ржмрзЗ  рззрзп ржбрж┐рж╕рзЗржорзНржмрж░  рзирзжрззрзн ржкрж░рзНржпржирзНржд https://goo.gl/cbeiLN  тЦ╢ ржЧрзНрж░рж╛ржорзАржгржлрзЛржи ржирждрзБржи MyPlan ржкрзЛрж╕рзНржЯржкрзЗржЗржб рж╕ржВржпрзЛржЧрзЗ 6GB ржлрзНрж░рж┐ ржЗржирзНржЯрж╛рж░ржирзЗржЯ https://goo.gl/osvErN  тЦ╢ржЧрзНрж░рж╛ржорзАржгржлрзЛржи рзйрзз ржЯрж╛ржХрж╛рзЯ рзирзлрзжMB ржЗржирзНржЯрж╛рж░ржирзЗржЯ https://goo.gl/g1mXU8 тЦ╢ ржЧрзНрж░рж╛ржорзАржгржлрзЛржи рззржЬрж┐ржмрж┐ ржЗржирзНржЯрж╛рж░ржирзЗржЯ  рзпрзкржЯрж╛ржХрж╛ https://goo.gl/04nDn6 тЦ╢ ржЧрзНрж░рж╛ржорзАржгржлрзЛржи рзиржЬрж┐ржмрж┐ ржЗржирзНржЯрж╛рж░ржирзЗржЯ рззрзирзпржЯрж╛ржХрж╛рзЯ  http://goo.gl/RLN2Pn тЦ╢ржЧрзНрж░рж╛ржорзАржгржлрзЛржи рзкржЬрж┐ржмрж┐ рззрзнрзп ржЯрж╛ржХрж╛рзЯ  https://goo.gl/hFV0Fe тЦ╢ ржЧрзНрж░рж╛ржорзАржгржлрзЛржи рзмржЬрж┐ржмрж┐ рзирззрзпржЯрж╛ржХрж╛ https://goo.gl/1uoGK5 ****(рж╕ржорзНржкрзВрж░ржХ рж╢рзБрж▓рзНржХ+ржнрзНржпрж╛ржЯ+рж╕рж╛рж░ржЪрж╛рж░рзНржЬ рж╕рж╣),2017-12-06T13:33:35+0000,9,48,1,0,0,0
gp,1526949940716054_1526955520715496,ржЕрж╛рж░ ржХржерж╛ржЗ ржХрзЯрзЗржи ржирж╛рж╣...!ЁЯЩКЁЯШб ржлрж╛ржЙрж▓ ржЖржкржирж╛рж░рж╛....!!ЁЯФл,2017-12-06T13:39:14+0000,0,1,0,0,0,0
gp,1526949940716054_1527023654042016,ржЧрж╛ржЬрж╛ ржХржо ржжрж╛ржорзЗ ржкрж╛ржЗрзЯрж╛ ржЦрж╛ржЗржЫржд ржоржирзЗ рж╣рзЯ    ржЖржмрж╛рж▓,2017-12-06T14:59:35+0000,0,0,0,0,0,0
gp,1526949940716054_1527038080707240,Mal khaysos?,2017-12-06T15:18:11+0000,0,0,0,0,0,0
gp,1526949940716054_1527073710703677,Well done ! ЁЯСН,2017-12-06T15:59:22+0000,0,0,0,0,0,0
gp,1526949940716054_1527112660699782,sob sim a ai offer chalo koren. apnara sob somoy kiptami koren keno??,2017-12-06T16:51:35+0000,0,0,0,0,0,0
gp,1526949940716054_1527811593963222,,2017-12-07T09:48:01+0000,0,0,0,0,0,0
gp,1526949940716054_1530454200365628,4g sim ржХрж┐ржнрж╛ржмрзЗ ржмрзБржЭржм?,2017-12-10T04:55:10+0000,0,0,0,0,0,0
gp,1526949940716054_1532353176842397,Someone has Grameenphone Office Numbers,2017-12-12T03:45:48+0000,0,0,0,0,0,0
gp,121148644629531_1518881308189584,"ржЧрзНрж░рж╛ржорзАржиржлрзЛржи ржЗржирзНржЯрж╛рж░ржирзЗржЯ рж╕ржорзНржкрж░рзНржХрж┐ржд ржЪрж▓ржорж╛ржи ржЕржлрж╛рж░рж╕ржорзВрж╣ ( Tap / Click on ""Continue Reading"" or ""See More"" )  тЦ╢ ржЧрзНрж░рж╛ржорзАржгржлрзЛржи ржПржХржЗ ржЗржирзНржЯрж╛рж░ржирзЗржЯ ржкрзНржпрж╛ржХ рзиржЯрж╛ ржХрж┐ржирж▓рзЗ рзз ржЯрж╛ ржлрзНрж░рж┐ https://goo.gl/L1M5yi тЦ╢ржЧрзНрж░рж╛ржорзАржгржлрзЛржи рзйрзз ржЯрж╛ржХрж╛рзЯ рзирзлрзжMB ржЗржирзНржЯрж╛рж░ржирзЗржЯ редhttps://goo.gl/g1mXU8 тЦ╢ ржЧрзНрж░рж╛ржорзАржгржлрзЛржи рззржЬрж┐ржмрж┐ ржЗржирзНржЯрж╛рж░ржирзЗржЯ  рзпрзкржЯрж╛ржХрж╛ https://goo.gl/04nDn6 тЦ╢ ржЧрзНрж░рж╛ржорзАржгржлрзЛржи рзиржЬрж┐ржмрж┐ ржЗржирзНржЯрж╛рж░ржирзЗржЯ рззрзирзпржЯрж╛ржХрж╛рзЯ  http://goo.gl/RLN2Pn тЦ╢ржЧрзНрж░рж╛ржорзАржгржлрзЛржи рзкржЬрж┐ржмрж┐ рззрзнрзп ржЯрж╛ржХрж╛рзЯ (ржПрж╕ржбрж┐  ржнрзНржпрж╛ржЯ  ржПрж╕рж╕рж┐ ржЕржирзНрждрж░рзНржнрзБржХрзНржд) https://goo.gl/hFV0Fe  тЦ╢ ржПржЦржи Grameenphone ржЗржирзНржЯрж╛рж░ржирзЗржЯ ржП ржлрзЗрж░ржд ржЖрж╕рж▓рзЗржЗ рзл ржЯрж╛ржХрж╛рзЯ 500MB ! ржПржЗ ржЕржлрж╛рж░ржЯрж┐ рж╢рзБржзрзБ рждрж╛ржжрзЗрж░ ржЬржирзНржп ржкрзНрж░ржпрзЛржЬрзНржп ржпрж╛ржжрзЗрж░ рззрзн ржЬрзБржи рзирзжрззрзн ржерзЗржХрзЗ  GP ржЗржирзНржЯрж╛рж░ржирзЗржЯ ржмрзНржпржмрж╣рж╛рж░ ржХрж░рж╛ рж╣рзЯржирж┐ред https://goo.gl/r9hYoe  тЦ╢  ржЧрзНрж░рж╛ржорзАржгржлрзЛржи ржХрзЯрзЗржХржЯрж┐ ржЗржирзНржЯрж╛рж░ржирзЗржЯ ржкрзНржпрж╛ржХрзЗ ржбрж╛ржЯрж╛ ржмрж╛рзЬрж╛ржирзЛ рж╣рзЯрзЗржЫрзЗ https://goo.gl/tN5yEd тЦ╢ ржЧрзНрж░рж╛ржорзАржгржлрзЛржи рзз.рзл ржЬрж┐ржмрж┐ рзирзирзп ржЯрж╛ржХрж╛рзЯ ржорзЗрзЯрж╛ржж рзирзоржжрж┐ржи https://goo.gl/UqMchU тЦ╢ ржЧрзНрж░рж╛ржорзАржгржлрзЛржи ржЕрзНржпрж╛ржХрж╢ржи ржкрзНржпрж╛ржХ рззржЬрж┐ржмрж┐ рззрзпрзпржЯрж╛ржХрж╛ ржУ рзиржЬрж┐ржмрж┐ рзирзпрзпржЯрж╛ржХрж╛ (ржЗржирзНржЯрж╛рж░ржирзЗржЯ ржлрзЗрж╕ржмрзБржХ ржнрж┐ржбрж┐ржУ ржУ ржЬрж┐ржкрж┐ ржорж┐ржЙржЬрж┐ржХ ржбрж╛ржЯрж╛) https://goo.gl/UnJ7JM тЦ╢ ржЧрзНрж░рж╛ржорзАржгржлрзЛржи рзлрзжрзжржПржоржмрж┐ рзирзоржжрж┐ржи ржорзЗрзЯрж╛ржж рззрзкрзпржЯрж╛ржХрж╛  https://goo.gl/u2afx6 тЦ╢ ржЧрзНрж░рж╛ржорзАржгржлрзЛржи 1GB Video Pack рзкрзп ржЯрж╛ржХрж╛рзЯ https://goo.gl/sooJZ0 тЦ╢  ржЧрзНрж░рж╛ржорзАржгржлрзЛржи 3G ржЗржирзНржЯрж╛рж░ржирзЗржЯ ржкрзНржпрж╛ржХрзЗржЬ http://goo.gl/wVvyeL тЦ╢ ржЧрзНрж░рж╛ржорзАржгржлрзЛржи рж╕рзЛрж╢рзНржпрж╛рж▓ ржкрзНржпрж╛ржХ http://goo.gl/Xz3s3s тЦ╢ Grameenphone ржПржЦржи EasyNet ржПрж░ ржлрзНрж░рж┐ Internet browsing! https://goo.gl/hLpURZ  тЦ╢ ржЧрзНрж░рж╛ржорзАржгржлрзЛржирзЗ WhatsApp ржорзНржпрж╛рж╕рзЗржЬрж┐ржВ ржХрж░рзБржи рзи.рзкрзк ржЯрж╛ржХрж╛рзЯ https://goo.gl/jvjbwp тЦ╢ ржЧрзНрж░рж╛ржорзАржиржлрзЛржи ржирждрзБржи рж╕рж┐ржорзЗ рзйржЬрж┐ржмрж┐ ржлрзНрж░рж┐ ржЗржирзНржЯрж╛рж░ржирзЗржЯ https://goo.gl/WpehBn тЦ╢  ржЧрзНрж░рж╛ржорзАржгржлрзЛржирзЗ рзиржЯрж╛ржХрж╛рзЯ рзирзжржПржоржмрж┐ ржнрж╛ржЗржмрж╛рж░ ржорзЗрж╕рзЗржЬрж┐ржВ http://goo.gl/HEIY65 тЦ╢  ржЧрзНрж░рж╛ржорзАржгржлрзЛржи рзйрзиMB ржЗржирзНржЯрж╛рж░ржирзЗржЯ Scratch Card рзпржЯрж╛ржХрж╛ https://goo.gl/mcaozg тЦ╢ ржЧрзНрж░рж╛ржорзАржгржлрзЛржи рззрзжрзжржПржоржмрж┐  ржЗржирзНржЯрж╛рж░ржирзЗржЯ рж╕рзНржХрзНрж░рзНржпрж╛ржЪ ржХрж╛рж░рзНржб  рззрзпржЯрж╛ржХрж╛ https://goo.gl/6vYoZX  тЦ╢ржЧрзНрж░рж╛ржорзАржгржлрзЛржи рзйрзлржПржоржмрж┐ ржЗржирзНржЯрж╛рж░ржирзЗржЯ рж╕рзНржХрзНрж░рзНржпрж╛ржЪ ржХрж╛рж░рзНржб рззрзжржЯрж╛ржХрж╛ https://goo.gl/3iGAfw тЦ╢  ржЧрзНрж░рж╛ржорзАржгржлрзЛржи ржЗржорж╛рж░рзНржЬрзЗржирзНрж╕рж┐  ржмрзНржпрж╛рж▓рж╛ржирзНрж╕ https://goo.gl/U1WVwf тЦ╢   ржЧрзНрж░рж╛ржорзАржгржлрзЛржи ржЗржорж╛рж░рзНржЬрзЗржирзНрж╕рж┐ ржЗржирзНржЯрж╛рж░ржирзЗржЯ ржмрзНржпрж╛рж▓рж╛ржирзНрж╕ рззрзж ржПржоржмрж┐ ржЗржирзНржЯрж╛рж░ржирзЗржЯ http://goo.gl/N4Iso4 тЦ╢  ржЧрзНрж░рж╛ржорзАржгржлрзЛржи ржирждрзБржи рзй ржЯрж┐ ржнрж┐ржбрж┐ржУ ржкрзНржпрж╛ржХ youtube bongobd popcornlive http://goo.gl/geQ1B1  тЦ╢  Grameenphone Smart-Mega Plan ржП рзйрзж ржжрж┐ржирзЗрж░ ржЬржирзНржп рзй ржЬрж┐ржмрж┐ ржЗржирзНржЯрж╛рж░ржирзЗржЯ  рзмрзжрзж ржорж┐ржирж┐ржЯ (ржпрзЗржХрзЛржирзЛ рж▓рзЛржХрж╛рж▓ ржиржорзНржмрж░рзЗ) ржЯржХрзН ржЯрж╛ржЗржо  рзмрзжрзж ржЯрж┐ SMS (ржЬрж┐ржкрж┐-ржЬрж┐ржкрж┐) ржПржмржВ рзмрзжрзж ржЯрж┐ MMS. http://goo.gl/BnlqTB  тЦ╢  Grameenphone Smart-Midi Plan ржП рзйрзж ржжрж┐ржирзЗрж░ ржЬржирзНржп рзз.рзл ржЬрж┐ржмрж┐ ржЗржирзНржЯрж╛рж░ржирзЗржЯ  рзкрзжрзж ржорж┐ржирж┐ржЯ (ржпрзЗржХрзЛржирзЛ рж▓рзЛржХрж╛рж▓ ржиржорзНржмрж░рзЗ) ржЯржХрзН ржЯрж╛ржЗржо  рзкрзжрзж ржЯрж┐ SMS (ржЬрж┐ржкрж┐-ржЬрж┐ржкрж┐) ржПржмржВ рзкрзжрзж ржЯрж┐ MMS http://goo.gl/alfFi2",2017-11-28T11:22:46+0000,13,74,1,0,0,0
gp,1518881308189584_1518907658186949,Bondo simer offer ki,2017-11-28T12:00:00+0000,0,1,0,0,0,0
gp,1518881308189584_1518914684852913,ржПржУ ржжрж╛ржо ржжрж┐ржпрж╝рзЗ ржЖржорж░рж╛ ржмрзЗржХрж╛рж░ students рж░рж╛ ржХрж┐ржирждрзЗ ржкрж╛рж░рж┐ ржирж╛редрждрж╛рзЯ ржмрж┐ржХрж▓рзНржк рж╣рж┐рж╕рзЗржмрзЗ others рж╕рж┐ржо use ржХрж░рждрзЗржЗ рж╣ржпрж╝редржХрзЗржи ржпрзЗ gp sim ржПрж░ ржирж╛ржорзНржмрж╛рж░ рж╕ржмрж╛ржЗржХрзЗ ржжрж┐ржпрж╝рзЗржЫрж┐рж▓рж╛ржо,2017-11-28T12:09:37+0000,1,6,1,1,0,0
gp,1518881308189584_1519905268087188,right bro,2017-11-29T12:02:54+0000,0,0,0,0,0,0
gp,1518881308189584_1518931574851224,рзлрзл ржЯрж╛ржХрж╛рзЯ рзи ржЬрж┐ржмрж┐ ржжрзЗрзЛрзЯрж╛ ржпрж╛рзЯ ржирж╛,2017-11-28T12:32:06+0000,0,0,0,0,0,0
gp,1518881308189584_1519011194843262,sudu internet use kora jay amon sim ki toiri kora jay na,2017-11-28T14:14:03+0000,0,0,0,0,0,0
gp,1518881308189584_1519788814765500,*8444*0250# 10 tk 200 mb meyad 28 day,2017-11-29T09:15:11+0000,0,1,0,0,0,0
gp,1518881308189584_1519837741427274,ржХрж╛рж╕рзНржЯржорж╛рж░ ржорзНржпрж╛ржирж╛ржЬрж╛рж░рзЗрж░ рж╕рж╛ржерзЗ ржХржерж╛рж░ ржирж╛ржорзНржмрж╛рж░ ржХржд ржХрж┐ ржнрж╛ржмрзЗ ржмрж▓рждрзЗ рж╣ржмрзЗ,2017-11-29T10:29:07+0000,0,0,0,0,0,0
gp,1518881308189584_1519904624753919,night pack 2 gb 61 taka aita off naki???,2017-11-29T12:02:01+0000,0,0,0,0,0,0
gp,1518881308189584_1520045848073130,gramen sim a kena jaba,2017-11-29T14:46:48+0000,0,0,0,0,0,0
gp,1518881308189584_1520560548021660,mb transfer er code koto,2017-11-30T01:42:17+0000,0,0,0,0,0,0
gp,1518881308189584_1521916827886032,3G ржерж╛ржХрзЗ ржирж╛ ржХрж┐ржирзЗ рж▓рж╛ржм ржХрж┐ рж▓рж╛ржХрж╕рж╛тАМржо ржЖржЫрж┐  3G ржирж╛ржЗ,2017-12-01T10:23:07+0000,0,0,0,0,0,0
gp,1518881308189584_1522796231131425,Ara vi ami 1 Gb 2 bar nici to ar gb dai na kan,2017-12-02T04:09:11+0000,0,0,0,0,0,0
gp,1518881308189584_1525413927536322,Apnader 1gb 27tk meyad 7din ai pack ti nite koto dial krte hobe bolben plz,2017-12-04T20:44:13+0000,0,0,0,0,0,0
gp,121148644629531_1502413506503031,"ржЧрзНрж░рж╛ржорзАржиржлрзЛржи ржЗржирзНржЯрж╛рж░ржирзЗржЯ рж╕ржорзНржкрж░рзНржХрж┐ржд ржЪрж▓ржорж╛ржи ржЕржлрж╛рж░рж╕ржорзВрж╣ ( Tap / Click on ""Continue Reading"" or ""See More"" )  тЦ╢ ржЧрзНрж░рж╛ржорзАржгржлрзЛржи ржПржХржЗ ржЗржирзНржЯрж╛рж░ржирзЗржЯ ржкрзНржпрж╛ржХ рзиржЯрж╛ ржХрж┐ржирж▓рзЗ рзз ржЯрж╛ ржлрзНрж░рж┐ https://goo.gl/L1M5yi тЦ╢ржЧрзНрж░рж╛ржорзАржгржлрзЛржи рзйрзз ржЯрж╛ржХрж╛рзЯ рзирзлрзжMB ржЗржирзНржЯрж╛рж░ржирзЗржЯ редhttps://goo.gl/g1mXU8 тЦ╢ ржЧрзНрж░рж╛ржорзАржгржлрзЛржи рззржЬрж┐ржмрж┐ ржЗржирзНржЯрж╛рж░ржирзЗржЯ  рзпрзкржЯрж╛ржХрж╛ https://goo.gl/04nDn6 тЦ╢ ржЧрзНрж░рж╛ржорзАржгржлрзЛржи рзиржЬрж┐ржмрж┐ ржЗржирзНржЯрж╛рж░ржирзЗржЯ рззрзирзпржЯрж╛ржХрж╛рзЯ  http://goo.gl/RLN2Pn тЦ╢ржЧрзНрж░рж╛ржорзАржгржлрзЛржи рзкржЬрж┐ржмрж┐ рззрзнрзп ржЯрж╛ржХрж╛рзЯ (ржПрж╕ржбрж┐  ржнрзНржпрж╛ржЯ  ржПрж╕рж╕рж┐ ржЕржирзНрждрж░рзНржнрзБржХрзНржд) https://goo.gl/hFV0Fe тЦ╢ ржЧрзНрж░рж╛ржорзАржгржлрзЛржи рзмржЬрж┐ржмрж┐ рзирззрзпржЯрж╛ржХрж╛ https://goo.gl/1uoGK5 тЦ╢ ржЧрзНрж░рж╛ржорзАржиржлрзЛржи рзиржЬрж┐ржмрж┐ рж░рж╛рждрзНрж░рж┐ржХрж╛рж▓рзАржи ржЗржирзНржЯрж╛рж░ржирзЗржЯ ржкрзНржпрж╛ржХ рзмрззржЯрж╛ржХрж╛рзЯ  https://goo.gl/VX8KNU  тЦ╢ ржПржЦржи Grameenphone ржЗржирзНржЯрж╛рж░ржирзЗржЯ ржП ржлрзЗрж░ржд ржЖрж╕рж▓рзЗржЗ рзл ржЯрж╛ржХрж╛рзЯ 500MB ! ржПржЗ ржЕржлрж╛рж░ржЯрж┐ рж╢рзБржзрзБ рждрж╛ржжрзЗрж░ ржЬржирзНржп ржкрзНрж░ржпрзЛржЬрзНржп ржпрж╛ржжрзЗрж░ рззрзн ржЬрзБржи рзирзжрззрзн ржерзЗржХрзЗ  GP ржЗржирзНржЯрж╛рж░ржирзЗржЯ ржмрзНржпржмрж╣рж╛рж░ ржХрж░рж╛ рж╣рзЯржирж┐ред https://goo.gl/r9hYoe  тЦ╢  ржЧрзНрж░рж╛ржорзАржгржлрзЛржи ржХрзЯрзЗржХржЯрж┐ ржЗржирзНржЯрж╛рж░ржирзЗржЯ ржкрзНржпрж╛ржХрзЗ ржбрж╛ржЯрж╛ ржмрж╛рзЬрж╛ржирзЛ рж╣рзЯрзЗржЫрзЗ https://goo.gl/tN5yEd тЦ╢ ржЧрзНрж░рж╛ржорзАржгржлрзЛржи рзз.рзл ржЬрж┐ржмрж┐ рзирзирзп ржЯрж╛ржХрж╛рзЯ ржорзЗрзЯрж╛ржж рзирзоржжрж┐ржи https://goo.gl/UqMchU тЦ╢ ржЧрзНрж░рж╛ржорзАржгржлрзЛржи ржЕрзНржпрж╛ржХрж╢ржи ржкрзНржпрж╛ржХ рззржЬрж┐ржмрж┐ рззрзпрзпржЯрж╛ржХрж╛ ржУ рзиржЬрж┐ржмрж┐ рзирзпрзпржЯрж╛ржХрж╛ (ржЗржирзНржЯрж╛рж░ржирзЗржЯ ржлрзЗрж╕ржмрзБржХ ржнрж┐ржбрж┐ржУ ржУ ржЬрж┐ржкрж┐ ржорж┐ржЙржЬрж┐ржХ ржбрж╛ржЯрж╛) https://goo.gl/UnJ7JM тЦ╢ ржЧрзНрж░рж╛ржорзАржгржлрзЛржи рзлрзжрзжржПржоржмрж┐ рзирзоржжрж┐ржи ржорзЗрзЯрж╛ржж рззрзкрзпржЯрж╛ржХрж╛  https://goo.gl/u2afx6 тЦ╢ ржЧрзНрж░рж╛ржорзАржгржлрзЛржи 1GB Video Pack рзкрзп ржЯрж╛ржХрж╛рзЯ https://goo.gl/sooJZ0 тЦ╢  ржЧрзНрж░рж╛ржорзАржгржлрзЛржи 3G ржЗржирзНржЯрж╛рж░ржирзЗржЯ ржкрзНржпрж╛ржХрзЗржЬ http://goo.gl/wVvyeL тЦ╢ ржЧрзНрж░рж╛ржорзАржгржлрзЛржи рж╕рзЛрж╢рзНржпрж╛рж▓ ржкрзНржпрж╛ржХ http://goo.gl/Xz3s3s тЦ╢ Grameenphone ржПржЦржи EasyNet ржПрж░ ржлрзНрж░рж┐ Internet browsing! https://goo.gl/hLpURZ  тЦ╢ ржЧрзНрж░рж╛ржорзАржгржлрзЛржирзЗ WhatsApp ржорзНржпрж╛рж╕рзЗржЬрж┐ржВ ржХрж░рзБржи рзи.рзкрзк ржЯрж╛ржХрж╛рзЯ https://goo.gl/jvjbwp тЦ╢ ржЧрзНрж░рж╛ржорзАржиржлрзЛржи ржирждрзБржи рж╕рж┐ржорзЗ рзйржЬрж┐ржмрж┐ ржлрзНрж░рж┐ ржЗржирзНржЯрж╛рж░ржирзЗржЯ https://goo.gl/WpehBn тЦ╢  ржЧрзНрж░рж╛ржорзАржгржлрзЛржирзЗ рзиржЯрж╛ржХрж╛рзЯ рзирзжржПржоржмрж┐ ржнрж╛ржЗржмрж╛рж░ ржорзЗрж╕рзЗржЬрж┐ржВ http://goo.gl/HEIY65 тЦ╢  ржЧрзНрж░рж╛ржорзАржгржлрзЛржи рзйрзиMB ржЗржирзНржЯрж╛рж░ржирзЗржЯ Scratch Card рзпржЯрж╛ржХрж╛ https://goo.gl/mcaozg тЦ╢ ржЧрзНрж░рж╛ржорзАржгржлрзЛржи рззрзжрзжржПржоржмрж┐  ржЗржирзНржЯрж╛рж░ржирзЗржЯ рж╕рзНржХрзНрж░рзНржпрж╛ржЪ ржХрж╛рж░рзНржб  рззрзпржЯрж╛ржХрж╛ https://goo.gl/6vYoZX  тЦ╢ржЧрзНрж░рж╛ржорзАржгржлрзЛржи рзйрзлржПржоржмрж┐ ржЗржирзНржЯрж╛рж░ржирзЗржЯ рж╕рзНржХрзНрж░рзНржпрж╛ржЪ ржХрж╛рж░рзНржб рззрзжржЯрж╛ржХрж╛ https://goo.gl/3iGAfw тЦ╢  ржЧрзНрж░рж╛ржорзАржгржлрзЛржи ржЗржорж╛рж░рзНржЬрзЗржирзНрж╕рж┐  ржмрзНржпрж╛рж▓рж╛ржирзНрж╕ https://goo.gl/U1WVwf тЦ╢   ржЧрзНрж░рж╛ржорзАржгржлрзЛржи ржЗржорж╛рж░рзНржЬрзЗржирзНрж╕рж┐ ржЗржирзНржЯрж╛рж░ржирзЗржЯ ржмрзНржпрж╛рж▓рж╛ржирзНрж╕ рззрзж ржПржоржмрж┐ ржЗржирзНржЯрж╛рж░ржирзЗржЯ http://goo.gl/N4Iso4 тЦ╢  ржЧрзНрж░рж╛ржорзАржгржлрзЛржи ржирждрзБржи рзй ржЯрж┐ ржнрж┐ржбрж┐ржУ ржкрзНржпрж╛ржХ youtube bongobd popcornlive http://goo.gl/geQ1B1  тЦ╢  Grameenphone Smart-Mega Plan ржП рзйрзж ржжрж┐ржирзЗрж░ ржЬржирзНржп рзй ржЬрж┐ржмрж┐ ржЗржирзНржЯрж╛рж░ржирзЗржЯ  рзмрзжрзж ржорж┐ржирж┐ржЯ (ржпрзЗржХрзЛржирзЛ рж▓рзЛржХрж╛рж▓ ржиржорзНржмрж░рзЗ) ржЯржХрзН ржЯрж╛ржЗржо  рзмрзжрзж ржЯрж┐ SMS (ржЬрж┐ржкрж┐-ржЬрж┐ржкрж┐) ржПржмржВ рзмрзжрзж ржЯрж┐ MMS. http://goo.gl/BnlqTB  тЦ╢  Grameenphone Smart-Midi Plan ржП рзйрзж ржжрж┐ржирзЗрж░ ржЬржирзНржп рзз.рзл ржЬрж┐ржмрж┐ ржЗржирзНржЯрж╛рж░ржирзЗржЯ  рзкрзжрзж ржорж┐ржирж┐ржЯ (ржпрзЗржХрзЛржирзЛ рж▓рзЛржХрж╛рж▓ ржиржорзНржмрж░рзЗ) ржЯржХрзН ржЯрж╛ржЗржо  рзкрзжрзж ржЯрж┐ SMS (ржЬрж┐ржкрж┐-ржЬрж┐ржкрж┐) ржПржмржВ рзкрзжрзж ржЯрж┐ MMS http://goo.gl/alfFi2",2017-11-12T12:43:59+0000,16,105,0,0,0,0
gp,1502413506503031_1502416119836103,Faltu vai j mb ar dam,2017-11-12T12:46:56+0000,0,2,0,0,0,0
gp,1502413506503031_1502418483169200,ржорж╛ржирзБрж╖рзЗрж░ ржЖрж░ ржХржд ржЯрж╛ржХрж╛ ржорж╛рж░рж┐ ржЦрж╛ржмрзЗржи ? ржЕржирзБржЧрзНрж░рж╣ ржХрж░рзЗ  ржЗржирзНржЯрж╛рж░ржирзЗржЯрзЗрж░ ржжрж╛ржо ржХрзЛржорж╛ржи ЁЯШТЁЯШТ,2017-11-12T12:50:00+0000,0,0,0,1,0,0
gp,1502413506503031_1502452019832513,Falto sob package.,2017-11-12T13:27:37+0000,0,0,0,0,0,0
gp,1502413506503031_1502581386486243,Flexiplan a hoba,2017-11-12T16:14:41+0000,0,0,0,0,0,0
gp,1502413506503031_1503126729765042,ржПржЯрж╛ ржХрж┐ ржнрзБрзЯрж╛ ржкрзЗржХрзЗржЬ? active рж╣рзЯржирж╛ ржХрзЗржи? 1GB ржорж╛рждрзНрж░ 17 ржЯрж╛ржХрж╛рзЯ ( рж╕рж░рзНржмрзЛржЪрзНржЪ ржПржХржмрж╛рж░)  ржорзЗрзЯрж╛ржж  рзн ржжрж┐ржи   ржЪрж╛рж▓рзБ ржХрж░рждрзЗ рзирзж-рззрзз-рзирзжрззрзн ржПрж░ ржоржзрзНржпрзЗ  ржбрж╛рзЯрж╛рж▓ ржХрж░рзБржи *5020*2100#,2017-11-13T05:27:45+0000,0,2,0,0,0,2
gp,1502413506503031_1503311826413199,ржПржоржмрж┐ рж▓рзЛржирзЗрж░ ржХржд ржбрж╛рзЯрж╛рж▓ ржХрж░рж╛ рж▓рж╛ржЧрзЗ,2017-11-13T11:37:45+0000,0,0,0,0,0,1
gp,1502413506503031_1505623722848676,Hello sir ..  Amar 1ta sim ace 01746095149 ai simti akhon bondho ace . sim ti ki bondho sim er awtabuktuo ?  Ami ki offer pete pari sim ti theke?,2017-11-15T13:35:56+0000,0,1,0,0,0,0
gp,1502413506503031_1505870216157360,рзмрззржЯрж╛ржХрж╛рж░ ржЕржлрж╛рж░ржЯрж╛ ржЕржи рж╣рзЯржирж╛ ржХрзЗржирзЛрзН,2017-11-15T18:49:49+0000,0,0,0,0,0,0
gp,1502413506503031_1507311682679880,рж╕ржм ржЫрзЗрзЯрзЗ ржмрж╛ржЬрзЗ network,2017-11-17T08:25:42+0000,0,0,0,1,0,0
gp,1502413506503031_1509639332447115,ржнрж╛ржЗ рзиржЬрж┐ржмрж┐ ржЗржирзНржЯрж╛рж░ржирзЗржЯ рж░рж╛ржд рззрзиржЯрж╛ ржерзЗржХрзЗ рж╕ржХрж╛рж▓ рззрзж рзмрззржЯрж╛ржХрж╛ ржПржЦржи ржмржирзНржз ржХрзЗржирзЛ,2017-11-19T16:33:07+0000,0,0,0,0,0,0
gp,1502413506503031_1513085932102455,ржнрзБрзЯрж╛,2017-11-22T20:38:24+0000,0,0,0,0,0,0
gp,1502413506503031_1516690641741984,ржЖржорж╛рж░ ржорзЛржмрж╛ржЗрж▓ ржирж╛ржорзНржмрж╛рж░ ржП ржирж┐ржЪрзЗрж░ ржПрж╕ржПржоржПрж╕ ржЯрж╛ ржЖрж╕рж▓рзЛ ржЧрзНрж░рж╛ржорзАржгржлрзЛржи ржЕржлрж┐рж╕ ржерзЗржХрзЗ ржХрж┐ржирзНржд ржХрзЛрзЬ ржЯрж╛ ржбрж╛рж▓рж╛ржЗ ржХрж░рж▓рзЗ ржУ ржХрзЗржирзЛ ржПржоржмрж┐ ржХрж┐ржирждрзЗ ржкрж╛рж░ржЫрж┐ ржирж╛редржХрзЛрзЬ ржнрзБрж▓ ржХрзЗржирзЛ ржмрж▓рждрзЗржЫрзЗ? WOW !! enjoy 1GB+3GP SMS only at 30tk. Validity 7 days. To start the offer dial *121*3805#  Watch Romantic Drama Kobi Bolechen from GP Bioscope: goo.gl/wfZxem Data charge applicable,2017-11-26T11:56:55+0000,0,0,0,0,0,0
gp,1502413506503031_1517342905010091,ржлрзЛрж░ ржЬрж┐ рж╕рж┐ржо рж░рж┐ржкрзНрж▓рзЗрж╕ ржХрж░рждрзЗ ржЦрж░ржЪ ржмрж╛ ржЖржЗржбрж┐ ржХрж╛рж░рзНржб рж▓рж╛ржЧржмрзЗ ржирж╛ ржХрж┐,2017-11-27T04:09:13+0000,0,0,0,0,0,0
gp,1502413506503031_1521917754552606,3G ржерж╛ржХрзЗ ржирж╛ ржХрж┐ржирзЗ рж▓рж╛ржн ржХрж┐,2017-12-01T10:24:43+0000,0,0,0,0,0,0
gp,1502413506503031_1524955394248842,ржирзЗржЯ ржПрж░ ржмрж┐рж╢рзЗрж╖  ржХрзЛржи ржЕржкрж╛рж░ ржЖржЫрзЗ?,2017-12-04T11:30:51+0000,0,0,0,0,0,0
gp,121148644629531_1493363364074712,"ржЧрзНрж░рж╛ржорзАржиржлрзЛржи ржЗржирзНржЯрж╛рж░ржирзЗржЯ рж╕ржорзНржкрж░рзНржХрж┐ржд ржЪрж▓ржорж╛ржи ржЕржлрж╛рж░рж╕ржорзВрж╣ ( Tap / Click on ""Continue Reading"" or ""See More"" )  тЦ╢ржЧрзНрж░рж╛ржорзАржгржлрзЛржи рзйрзз ржЯрж╛ржХрж╛рзЯ рзирзлрзжMB ржЗржирзНржЯрж╛рж░ржирзЗржЯ редhttps://goo.gl/g1mXU8 тЦ╢ ржЧрзНрж░рж╛ржорзАржгржлрзЛржи рззржЬрж┐ржмрж┐ ржЗржирзНржЯрж╛рж░ржирзЗржЯ  рзпрзкржЯрж╛ржХрж╛ https://goo.gl/04nDn6 тЦ╢ ржЧрзНрж░рж╛ржорзАржгржлрзЛржи рзиржЬрж┐ржмрж┐ ржЗржирзНржЯрж╛рж░ржирзЗржЯ рззрзирзпржЯрж╛ржХрж╛рзЯ  http://goo.gl/RLN2Pn тЦ╢ржЧрзНрж░рж╛ржорзАржгржлрзЛржи рзкржЬрж┐ржмрж┐ рззрзнрзп ржЯрж╛ржХрж╛рзЯ (ржПрж╕ржбрж┐  ржнрзНржпрж╛ржЯ  ржПрж╕рж╕рж┐ ржЕржирзНрждрж░рзНржнрзБржХрзНржд) https://goo.gl/hFV0Fe тЦ╢ ржЧрзНрж░рж╛ржорзАржгржлрзЛржи рзмржЬрж┐ржмрж┐ рзирззрзпржЯрж╛ржХрж╛ https://goo.gl/1uoGK5 тЦ╢ ржЧрзНрж░рж╛ржорзАржиржлрзЛржи рзиржЬрж┐ржмрж┐ рж░рж╛рждрзНрж░рж┐ржХрж╛рж▓рзАржи ржЗржирзНржЯрж╛рж░ржирзЗржЯ ржкрзНржпрж╛ржХ рзмрззржЯрж╛ржХрж╛рзЯ  https://goo.gl/VX8KNU  тЦ╢ ржПржЦржи Grameenphone ржЗржирзНржЯрж╛рж░ржирзЗржЯ ржП ржлрзЗрж░ржд ржЖрж╕рж▓рзЗржЗ рзл ржЯрж╛ржХрж╛рзЯ 500MB ! ржПржЗ ржЕржлрж╛рж░ржЯрж┐ рж╢рзБржзрзБ рждрж╛ржжрзЗрж░ ржЬржирзНржп ржкрзНрж░ржпрзЛржЬрзНржп ржпрж╛ржжрзЗрж░ рззрзн ржЬрзБржи рзирзжрззрзн ржерзЗржХрзЗ  GP ржЗржирзНржЯрж╛рж░ржирзЗржЯ ржмрзНржпржмрж╣рж╛рж░ ржХрж░рж╛ рж╣рзЯржирж┐ред https://goo.gl/r9hYoe  тЦ╢  ржЧрзНрж░рж╛ржорзАржгржлрзЛржи ржХрзЯрзЗржХржЯрж┐ ржЗржирзНржЯрж╛рж░ржирзЗржЯ ржкрзНржпрж╛ржХрзЗ ржбрж╛ржЯрж╛ ржмрж╛рзЬрж╛ржирзЛ рж╣рзЯрзЗржЫрзЗ https://goo.gl/tN5yEd тЦ╢ ржЧрзНрж░рж╛ржорзАржгржлрзЛржи рзз.рзл ржЬрж┐ржмрж┐ рзирзирзп ржЯрж╛ржХрж╛рзЯ ржорзЗрзЯрж╛ржж рзирзоржжрж┐ржи https://goo.gl/UqMchU тЦ╢ ржЧрзНрж░рж╛ржорзАржгржлрзЛржи ржЕрзНржпрж╛ржХрж╢ржи ржкрзНржпрж╛ржХ рззржЬрж┐ржмрж┐ рззрзпрзпржЯрж╛ржХрж╛ ржУ рзиржЬрж┐ржмрж┐ рзирзпрзпржЯрж╛ржХрж╛ (ржЗржирзНржЯрж╛рж░ржирзЗржЯ ржлрзЗрж╕ржмрзБржХ ржнрж┐ржбрж┐ржУ ржУ ржЬрж┐ржкрж┐ ржорж┐ржЙржЬрж┐ржХ ржбрж╛ржЯрж╛) https://goo.gl/UnJ7JM тЦ╢ ржЧрзНрж░рж╛ржорзАржгржлрзЛржи рзлрзжрзжржПржоржмрж┐ рзирзоржжрж┐ржи ржорзЗрзЯрж╛ржж рззрзкрзпржЯрж╛ржХрж╛  https://goo.gl/u2afx6 тЦ╢ ржЧрзНрж░рж╛ржорзАржгржлрзЛржи 1GB Video Pack рзкрзп ржЯрж╛ржХрж╛рзЯ https://goo.gl/sooJZ0 тЦ╢  ржЧрзНрж░рж╛ржорзАржгржлрзЛржи 3G ржЗржирзНржЯрж╛рж░ржирзЗржЯ ржкрзНржпрж╛ржХрзЗржЬ http://goo.gl/wVvyeL тЦ╢  ржЧрзНрж░рж╛ржорзАржгржлрзЛржи 2G ржЗржирзНржЯрж╛рж░ржирзЗржЯ ржкрзНржпрж╛ржХрзЗржЬ http://goo.gl/tJ6LAt тЦ╢ ржЧрзНрж░рж╛ржорзАржгржлрзЛржи рж╕рзЛрж╢рзНржпрж╛рж▓ ржкрзНржпрж╛ржХ http://goo.gl/Xz3s3s тЦ╢ Grameenphone ржПржЦржи EasyNet ржПрж░ ржлрзНрж░рж┐ Internet browsing! https://goo.gl/hLpURZ  тЦ╢ ржЧрзНрж░рж╛ржорзАржгржлрзЛржирзЗ WhatsApp ржорзНржпрж╛рж╕рзЗржЬрж┐ржВ ржХрж░рзБржи рзи.рзкрзк ржЯрж╛ржХрж╛рзЯ https://goo.gl/jvjbwp тЦ╢ ржЧрзНрж░рж╛ржорзАржиржлрзЛржи ржирждрзБржи рж╕рж┐ржорзЗ рзйржЬрж┐ржмрж┐ ржлрзНрж░рж┐ ржЗржирзНржЯрж╛рж░ржирзЗржЯ https://goo.gl/WpehBn тЦ╢  ржЧрзНрж░рж╛ржорзАржгржлрзЛржирзЗ рзиржЯрж╛ржХрж╛рзЯ рзирзжржПржоржмрж┐ ржнрж╛ржЗржмрж╛рж░ ржорзЗрж╕рзЗржЬрж┐ржВ http://goo.gl/HEIY65 тЦ╢  ржЧрзНрж░рж╛ржорзАржгржлрзЛржи рзйрзиMB ржЗржирзНржЯрж╛рж░ржирзЗржЯ Scratch Card рзпржЯрж╛ржХрж╛ https://goo.gl/mcaozg тЦ╢ ржЧрзНрж░рж╛ржорзАржгржлрзЛржи рззрзжрзжржПржоржмрж┐  ржЗржирзНржЯрж╛рж░ржирзЗржЯ рж╕рзНржХрзНрж░рзНржпрж╛ржЪ ржХрж╛рж░рзНржб  рззрзпржЯрж╛ржХрж╛ https://goo.gl/6vYoZX  тЦ╢ржЧрзНрж░рж╛ржорзАржгржлрзЛржи рзйрзлржПржоржмрж┐ ржЗржирзНржЯрж╛рж░ржирзЗржЯ рж╕рзНржХрзНрж░рзНржпрж╛ржЪ ржХрж╛рж░рзНржб рззрзжржЯрж╛ржХрж╛ https://goo.gl/3iGAfw тЦ╢  ржЧрзНрж░рж╛ржорзАржгржлрзЛржи ржЗржорж╛рж░рзНржЬрзЗржирзНрж╕рж┐  ржмрзНржпрж╛рж▓рж╛ржирзНрж╕ https://goo.gl/U1WVwf тЦ╢   ржЧрзНрж░рж╛ржорзАржгржлрзЛржи ржЗржорж╛рж░рзНржЬрзЗржирзНрж╕рж┐ ржЗржирзНржЯрж╛рж░ржирзЗржЯ ржмрзНржпрж╛рж▓рж╛ржирзНрж╕ рззрзж ржПржоржмрж┐ ржЗржирзНржЯрж╛рж░ржирзЗржЯ http://goo.gl/N4Iso4 тЦ╢  ржЧрзНрж░рж╛ржорзАржгржлрзЛржи ржирждрзБржи рзй ржЯрж┐ ржнрж┐ржбрж┐ржУ ржкрзНржпрж╛ржХ youtube bongobd popcornlive http://goo.gl/geQ1B1  тЦ╢  Grameenphone Smart-Mega Plan ржП рзйрзж ржжрж┐ржирзЗрж░ ржЬржирзНржп рзй ржЬрж┐ржмрж┐ ржЗржирзНржЯрж╛рж░ржирзЗржЯ  рзмрзжрзж ржорж┐ржирж┐ржЯ (ржпрзЗржХрзЛржирзЛ рж▓рзЛржХрж╛рж▓ ржиржорзНржмрж░рзЗ) ржЯржХрзН ржЯрж╛ржЗржо  рзмрзжрзж ржЯрж┐ SMS (ржЬрж┐ржкрж┐-ржЬрж┐ржкрж┐) ржПржмржВ рзмрзжрзж ржЯрж┐ MMS. http://goo.gl/BnlqTB  тЦ╢  Grameenphone Smart-Midi Plan ржП рзйрзж ржжрж┐ржирзЗрж░ ржЬржирзНржп рзз.рзл ржЬрж┐ржмрж┐ ржЗржирзНржЯрж╛рж░ржирзЗржЯ  рзкрзжрзж ржорж┐ржирж┐ржЯ (ржпрзЗржХрзЛржирзЛ рж▓рзЛржХрж╛рж▓ ржиржорзНржмрж░рзЗ) ржЯржХрзН ржЯрж╛ржЗржо  рзкрзжрзж ржЯрж┐ SMS (ржЬрж┐ржкрж┐-ржЬрж┐ржкрж┐) ржПржмржВ рзкрзжрзж ржЯрж┐ MMS http://goo.gl/alfFi2",2017-11-02T13:42:03+0000,17,130,1,3,0,3
gp,1493363364074712_1493366660741049,ржПржд ржжрж╛ржо ..??? ЁЯШТ  Airtel Is Best ЁЯТЬЁЯТЬ,2017-11-02T13:46:54+0000,0,0,0,0,0,0
gp,1493363364074712_1493371620740553,рж╣рзНржпрж╛ржХ рж▓рж┐ржВржХ ржирзЯ рждрзЛ?,2017-11-02T13:53:48+0000,0,0,0,0,0,0
gp,1493363364074712_1493403430737372,vai new sim offer ki,2017-11-02T14:34:49+0000,0,0,0,0,0,0
gp,1493363364074712_1493412070736508,night pack ta parle kinna dayen to,2017-11-02T14:46:18+0000,0,0,0,0,0,0
gp,1493363364074712_1493519004059148,amara customers service ar sate ki vabe kotha bolbo?,2017-11-02T17:23:25+0000,0,0,0,0,0,0
gp,1493363364074712_1493519067392475,amara customers service ar sate ki vabe kotha bolbo?,2017-11-02T17:23:32+0000,0,0,0,0,0,0
gp,1493363364074712_1494053514005697,"Grameenphone рж╕рж┐ржоржХрж╛рж░рзНржбрзЗрж░ ржХрзЯрзЗржХржЯрж┐ рж╕ржорж╕рзНржпрж╛ рж░рзЯрзЗржЫрзЗ ; рждрж╛рж░ ржоржзрзНржп ржПржХржЯрж┐ рж╣ржЪрзНржЫрзЗ ржЗржЪрзНржЫрж╛ ржорждрзЛ Recharge ржХрж░рж╛ ржпрж╛рзЯржирж╛ред рззред ржзрж░рзЗржи ржХрзЛржи рж▓рзЛржХ ржХрж┐ржЫрзБ ржЯрж╛ржХрж╛ Recharge ржХрж░рзЗржЫрзЗржи ржХрж┐ржирзНрждрзБ рждрж┐ржирж┐ ржЬрж╛ржирзЗржи  ржирж╛ ржпрзЗ ржР ржЯрж╛ржХрж╛рзЯ MB  offer рж░рзЯрзЗржЫрзЗ ред ржХрж┐ржирзНрждрзБ рж╕рзЗржЗ ржирж┐рж░рзНржжрж┐рж╖рзНржЯ ржЯрж╛ржХрж╛ Recharge ржХрж░рж╛рзЯ MB ржжрж┐рзЯрзЗржЫрзЗ  ржЕржержЪ ржР рж▓рзЛржХржЯрж┐рж░ MB(Megabyte) рж╕ржорзНржкрж░рзНржХрзЗ ржХрзЛржи ржзрж╛рж░ржирж╛ ржирж╛ржЗ ржЕрж╛рж░ рж▓рзЛржХржЯрж┐ Megabyte ржУ ржмрзНржпржмрж╣рж╛рж░ ржХрж░рзЗ ржирж╛ред ржЖрж░ рж▓рзЛржХржЯрж┐рж░ ржРрж╕ржорзЯ ржХржерж╛ ржмрж▓рж╛ ржЦрзБржм Important ржХрж┐ржирзНрждрзБ рж▓рзЛржХржЯрж┐ ржжрзЗржЦрзЗ Balance ржП ржЯрж╛ржХрж╛ ржирж╛ржЗред  рж▓рзЛржХржЯрж┐ рждржЦржи рж░рзЗржЧрзЗ Flexiload ржПрж░ ржжрзЛржХрж╛ржирзЗ ржпрж╛рзЯ ржЕрж╛рж░ ржЕржкржорж╛ржирж┐ржд рж╣рзЯрзЗ ржлрж┐рж░рзЗ ржЕрж╛рж╕рзЗредред рждржЦржи ржР рж▓рзЛржХржЯрж┐рж░ ржПржЗ  рж╕рж┐ржоржХрж╛рж░рзНржб ржПрж░ рж╕ржорзНржкрж░рзНржХрзЗ ржзрж╛рж░ржирж╛ ржХрзЗржоржи рж╣ржмрзЗредред ржУрж░рж╛ рждрзЛ ржоржирзЛржмрж┐ржЬрзНржЮрж╛ржирзА ржпрзЗ ржЯрж╛ржХрж╛ Recharge ржХрж░рж╛рж░ ржкрж░ ржорждрж╛ржоржд ржмрж╛ ржбрж╛рзЯрж╛рж▓ ржХрж░рж╛рж░ржУ ржкрзНрж░рзЯрзЛржЬржи ржмрзЛржз ржХрж░рзЗ ржирж╛редред рзиред ржЖрж░ ржЖрж░рзЛ ржПржХржЯрж┐ ржЙрждрзНрждржо рж╕ржорж╕рзНржпрж╛ рж╣ржЪрзНржЫрзЗ "" ржЕрж╛ржкржирж┐ 1second  ржмрж╛ 2 second ржЕржержмрж╛ 3 second ржХржерж╛ ржмрж▓рж▓рзЗржУ 10 second ржПрж░ ржЯрж╛ржХрж╛ ржХрзЗржЯрзЗ ржирзЗрзЯред  ржПржЦржи ржЖржкржирж╛рж░ ржорждрж╛ржоржд ржХрж┐ рж╣ржмрзЗ???",2017-11-03T10:09:41+0000,1,1,0,0,0,0
gp,1493363364074712_1496034257140956,R8,2017-11-05T14:17:39+0000,0,0,0,0,0,0
gp,1493363364074712_1494792910598424,2 gb night pack ki bondho kora hoiche?kano?ar ki kono night pack er offer ache?,2017-11-04T05:25:04+0000,1,0,0,0,0,0
gp,1493363364074712_1494844427259939,reply dan na kano?,2017-11-04T07:17:19+0000,0,0,0,0,0,0
gp,1493363364074712_1495074773903571,2Gb night package ki off hoye geche,2017-11-04T13:33:01+0000,1,0,0,0,0,0
gp,1493363364074712_1495334347210947,I need help....mb gift er coad ta ekto bolban plz....?gp-gp,2017-11-04T19:02:58+0000,0,0,0,0,0,0
gp,1493363364074712_1496423670435348,Can you give me GP emergence 10 MB coad.,2017-11-05T23:08:55+0000,0,0,0,0,0,0
gp,1493363364074712_1496933633717685,ржПржХ ржЯрж╛ржХрж╛рзЯ рждрж┐ржи MB ржХрж┐ржиржмрзЛ ржХрж┐ржнрж╛ржмрзЗ?,2017-11-06T14:45:27+0000,0,1,0,0,0,0
gp,1493363364074712_1503811519696563,ржЧрзБрж▓рж╢рж╛ржирзЗ ржЕрж╛ржкржирж╛ржжрзЗрж░ ржХрж╛рж╕рзНржЯржорж╛рж░ ржХрзЗрзЯрж╛рж░ ржЕрж╛ржЫрзЗ?,2017-11-13T21:38:12+0000,0,0,0,0,0,0
gp,1493363364074712_1507298169347898,bondho sim ar Internet offer ki ace,2017-11-17T07:55:30+0000,0,1,0,0,0,0
gp,121148644629531_1488759917868390,рж╢рзАржШрзНрж░ржЗ ржмрж╛ржВрж▓рж╛ржжрзЗрж╢рзЗ ржЖрж╕ржЫрзЗ ржмрж╣рзБрж▓ ржкрзНрж░рждрзАржХрзНрж╖рж┐ржд ржжрзНрж░рзБрждржЧрждрж┐ рж╕ржорзНржкржирзНржи 4G ржЗржирзНржЯрж╛рж░ржирзЗржЯ! рж╕ржХрж▓ ржЧрзНрж░рж╛ржорзАржгржлрзЛржи ржЧрзНрж░рж╛рж╣ржХ рждрж╛ржжрзЗрж░ ржиржорзНржмрж░ ржкрж░рж┐ржмрж░рзНрждржи ржЫрж╛рзЬрж╛ржЗ ржпрзЗржХрзЛржирзЛ ржЧрзНрж░рж╛ржорзАржгржлрзЛржи рж╕рзЗржирзНржЯрж╛рж░ ржерзЗржХрзЗ 4G рж╕рж┐ржо ржирж┐рждрзЗ ржкрж╛рж░ржмрзЗржи https://goo.gl/wesaJj,2017-10-28T12:48:33+0000,13,167,1,6,0,0
gp,1488759917868390_1488829331194782,ржЕржкрзЗржХрзНрж╖рж╛рзЯ ржЖржЪрж┐ ржпрзЗ ржХржЦржи 4G net pabo,2017-10-28T14:10:15+0000,0,1,1,2,0,1
gp,1488759917868390_1488900457854336,Amer  gp sim ma taka vorla taka Kate      nissa ata Ami ki vabe bondo korbo ektu bolben please...,2017-10-28T15:39:14+0000,2,1,0,0,0,0
gp,1488759917868390_1488957677848614,*121*6*1# ржПржЗ ржирж╛ржорзНржмрж╛рж░рзЗ ржбрж╛рзЯрж╛рж▓ ржХрж░рж▓рзЗ рж╕ржм ржкрзНрж░ржХрж╛рж░ ржнрзНржпрж╛рж╕ рж╕рж╛рж░рзНржнрж┐рж╕ ржмржирзНржз рж╣ржмрзЗ   ржПржмржВ ржЯрж╛ржХрж╛ржУ ржХрж╛ржЯржмрзЗржирж╛ред,2017-10-28T16:52:44+0000,0,1,0,0,0,0
gp,1488759917868390_1489303434480705,Dear... Gp user Dial *121# reply 6 sent all vas sms stop ok,2017-10-29T01:30:11+0000,0,1,0,0,0,0
gp,1488759917868390_1488915681186147,ржХржмрзЗ ржЖрж╕ржмрзЗ  ,2017-10-28T15:59:31+0000,1,0,0,0,0,0
gp,1488759917868390_1489303631147352,December,2017-10-29T01:30:36+0000,0,0,0,0,0,0
gp,1488759917868390_1488954794515569,3G ржарж┐ржХржнрж╛ржмрзЗ ржХржнрж╛рж░ ржжрж┐рждрзЗ ржкрж╛рж░ржЫрзЗржирж╛ ржЖржмрж╛рж░ 4G ржЪрзЛржжрж╛ржЗред,2017-10-28T16:48:59+0000,1,3,0,3,0,1
gp,1488759917868390_1489988264412222,"4G   Network   ржарж┐ржХ ""Bolechen""",2017-10-29T18:24:30+0000,0,0,0,0,0,0
gp,1488759917868390_1488997687844613,kokhon theke 4g sim paowa jabe?.. offer ki thakbe?,2017-10-28T17:45:39+0000,0,0,0,0,0,0
gp,1488759917868390_1489319374479111,replace sim ar price koto,2017-10-29T01:56:26+0000,0,0,0,0,0,0
gp,1488759917868390_1489442691133446,4G ki amra potom take pabo,2017-10-29T05:19:42+0000,0,0,0,1,0,0
gp,1488759917868390_1489594767784905,рж╕рж╛рж░рж╛ ржмрж╛ржВрж▓рж╛ржжрзЗрж╢рзЗрж░ ржЕржирзЗржХ ржПрж▓рж╛ржХрж╛ ржпрзЗржЦрж╛ржирзЗ  ржПржЦржиржУ 2G ржарж┐ржХржоржд ржЪрж▓рзЗржирж╛  рж╕рзЗржЦрж╛ржирзЗ 4G ржжрж┐рзЯрзЗ ржХрж┐ рж╣ржмрзЗтАжтАжтАжтАжтАжтАж,2017-10-29T09:18:50+0000,0,1,0,1,0,0
gp,1488759917868390_1489857714425277,рзкрзжржорж┐ржирж┐ржЯ  ржЪрзЗржХ ржХрж░ржм ржХрж┐ржнрж╛ржмрзЗ?,2017-10-29T15:50:17+0000,0,0,0,0,0,0
gp,1488759917868390_1490337887710593,ржХржд ржЯрж╛ржХрж╛ рж▓рж╛ржЧржмрзЗ,2017-10-30T03:26:12+0000,0,0,0,0,0,0
gp,1488759917868390_1499575963453452,4G ржЪрзЗржХ ржХрж░ржм ржХрж┐ржнрж╛ржмрзЗ ?,2017-11-09T12:58:09+0000,0,0,0,0,0,0
gp,1488759917868390_1511567375587644,*121*3232#,2017-11-21T14:24:15+0000,0,0,0,0,0,0
gp,121148644629531_1473354522742263,тЦ╢ржЧрзНрж░рж╛ржорзАржгржлрзЛржи рзйрзз ржЯрж╛ржХрж╛рзЯ рзирзлрзжMB ржЗржирзНржЯрж╛рж░ржирзЗржЯ https://goo.gl/g1mXU8 тЦ╢ ржЧрзНрж░рж╛ржорзАржиржлрзЛржи рзиржЬрж┐ржмрж┐ рж░рж╛рждрзНрж░рж┐ржХрж╛рж▓рзАржи ржЗржирзНржЯрж╛рж░ржирзЗржЯ ржкрзНржпрж╛ржХ рзмрззржЯрж╛ржХрж╛рзЯ https://goo.gl/VX8KNU тЦ╢ ржЧрзНрж░рж╛ржорзАржгржлрзЛржи рззржЬрж┐ржмрж┐ ржЗржирзНржЯрж╛рж░ржирзЗржЯ рзпрзкржЯрж╛ржХрж╛ https://goo.gl/04nDn6 тЦ╢ ржЧрзНрж░рж╛ржорзАржгржлрзЛржи рзиржЬрж┐ржмрж┐ ржЗржирзНржЯрж╛рж░ржирзЗржЯ рззрзирзпржЯрж╛ржХрж╛рзЯ http://goo.gl/RLN2Pn тЦ╢ржЧрзНрж░рж╛ржорзАржгржлрзЛржи рзкржЬрж┐ржмрж┐ рззрзнрзп ржЯрж╛ржХрж╛рзЯ (ржПрж╕ржбрж┐  ржнрзНржпрж╛ржЯ  ржПрж╕рж╕рж┐ ржЕржирзНрждрж░рзНржнрзБржХрзНржд) https://goo.gl/hFV0Fe тЦ╢ ржЧрзНрж░рж╛ржорзАржгржлрзЛржи рзмржЬрж┐ржмрж┐ рзирззрзпржЯрж╛ржХрж╛ https://goo.gl/1uoGK5,2017-10-11T13:35:07+0000,4,70,0,0,0,0
gp,1473354522742263_1474417555969293,1 gb night ?,2017-10-12T17:14:20+0000,0,0,0,0,0,0
gp,1473354522742263_1476738482403867,55 takay 2 gb (12am-12pm) offer ta ki akhono ace?,2017-10-15T04:34:21+0000,0,0,0,0,0,0
gp,1473354522742263_1483456415065407,1gb night pack koto taka ar ki vabe nibo,2017-10-22T18:11:07+0000,0,0,0,0,0,0
gp,121148644629531_1472469436164105,"ржЧрзНрж░рж╛ржорзАржиржлрзЛржи ржЗржирзНржЯрж╛рж░ржирзЗржЯ рж╕ржорзНржкрж░рзНржХрж┐ржд ржЪрж▓ржорж╛ржи ржЕржлрж╛рж░рж╕ржорзВрж╣ ( Tap / Click on ""Continue Reading"" or ""See More"" )  тЦ╢ржЧрзНрж░рж╛ржорзАржгржлрзЛржи рзйрзз ржЯрж╛ржХрж╛рзЯ рзирзлрзжMB ржЗржирзНржЯрж╛рж░ржирзЗржЯ редhttps://goo.gl/g1mXU8 тЦ╢ ржЧрзНрж░рж╛ржорзАржгржлрзЛржи рззржЬрж┐ржмрж┐ ржЗржирзНржЯрж╛рж░ржирзЗржЯ  рзпрзкржЯрж╛ржХрж╛ https://goo.gl/04nDn6 тЦ╢ ржЧрзНрж░рж╛ржорзАржгржлрзЛржи рзиржЬрж┐ржмрж┐ ржЗржирзНржЯрж╛рж░ржирзЗржЯ рззрзирзпржЯрж╛ржХрж╛рзЯ  http://goo.gl/RLN2Pn тЦ╢ржЧрзНрж░рж╛ржорзАржгржлрзЛржи рзкржЬрж┐ржмрж┐ рззрзнрзп ржЯрж╛ржХрж╛рзЯ (ржПрж╕ржбрж┐  ржнрзНржпрж╛ржЯ  ржПрж╕рж╕рж┐ ржЕржирзНрждрж░рзНржнрзБржХрзНржд) https://goo.gl/hFV0Fe тЦ╢ ржЧрзНрж░рж╛ржорзАржгржлрзЛржи рзмржЬрж┐ржмрж┐ рзирззрзпржЯрж╛ржХрж╛ https://goo.gl/1uoGK5 тЦ╢ ржЧрзНрж░рж╛ржорзАржиржлрзЛржи рзиржЬрж┐ржмрж┐ рж░рж╛рждрзНрж░рж┐ржХрж╛рж▓рзАржи ржЗржирзНржЯрж╛рж░ржирзЗржЯ ржкрзНржпрж╛ржХ рзмрззржЯрж╛ржХрж╛рзЯ  https://goo.gl/VX8KNU  тЦ╢ ржПржЦржи Grameenphone ржЗржирзНржЯрж╛рж░ржирзЗржЯ ржП ржлрзЗрж░ржд ржЖрж╕рж▓рзЗржЗ рзл ржЯрж╛ржХрж╛рзЯ 500MB ! ржПржЗ ржЕржлрж╛рж░ржЯрж┐ рж╢рзБржзрзБ рждрж╛ржжрзЗрж░ ржЬржирзНржп ржкрзНрж░ржпрзЛржЬрзНржп ржпрж╛ржжрзЗрж░ рззрзн ржЬрзБржи рзирзжрззрзн ржерзЗржХрзЗ  GP ржЗржирзНржЯрж╛рж░ржирзЗржЯ ржмрзНржпржмрж╣рж╛рж░ ржХрж░рж╛ рж╣рзЯржирж┐ред https://goo.gl/r9hYoe  тЦ╢  ржЧрзНрж░рж╛ржорзАржгржлрзЛржи ржХрзЯрзЗржХржЯрж┐ ржЗржирзНржЯрж╛рж░ржирзЗржЯ ржкрзНржпрж╛ржХрзЗ ржбрж╛ржЯрж╛ ржмрж╛рзЬрж╛ржирзЛ рж╣рзЯрзЗржЫрзЗ https://goo.gl/tN5yEd тЦ╢ ржЧрзНрж░рж╛ржорзАржгржлрзЛржи рзз.рзл ржЬрж┐ржмрж┐ рзирзирзп ржЯрж╛ржХрж╛рзЯ ржорзЗрзЯрж╛ржж рзирзоржжрж┐ржи https://goo.gl/UqMchU тЦ╢ ржЧрзНрж░рж╛ржорзАржгржлрзЛржи ржЕрзНржпрж╛ржХрж╢ржи ржкрзНржпрж╛ржХ рззржЬрж┐ржмрж┐ рззрзпрзпржЯрж╛ржХрж╛ ржУ рзиржЬрж┐ржмрж┐ рзирзпрзпржЯрж╛ржХрж╛ (ржЗржирзНржЯрж╛рж░ржирзЗржЯ ржлрзЗрж╕ржмрзБржХ ржнрж┐ржбрж┐ржУ ржУ ржЬрж┐ржкрж┐ ржорж┐ржЙржЬрж┐ржХ ржбрж╛ржЯрж╛) https://goo.gl/UnJ7JM тЦ╢ ржЧрзНрж░рж╛ржорзАржгржлрзЛржи рзлрзжрзжржПржоржмрж┐ рзирзоржжрж┐ржи ржорзЗрзЯрж╛ржж рззрзкрзпржЯрж╛ржХрж╛  https://goo.gl/u2afx6 тЦ╢ ржЧрзНрж░рж╛ржорзАржгржлрзЛржи 1GB Video Pack рзкрзп ржЯрж╛ржХрж╛рзЯ https://goo.gl/sooJZ0 тЦ╢  ржЧрзНрж░рж╛ржорзАржгржлрзЛржи 3G ржЗржирзНржЯрж╛рж░ржирзЗржЯ ржкрзНржпрж╛ржХрзЗржЬ http://goo.gl/wVvyeL тЦ╢  ржЧрзНрж░рж╛ржорзАржгржлрзЛржи 2G ржЗржирзНржЯрж╛рж░ржирзЗржЯ ржкрзНржпрж╛ржХрзЗржЬ http://goo.gl/tJ6LAt тЦ╢ ржЧрзНрж░рж╛ржорзАржгржлрзЛржи рж╕рзЛрж╢рзНржпрж╛рж▓ ржкрзНржпрж╛ржХ http://goo.gl/Xz3s3s тЦ╢ Grameenphone ржПржЦржи EasyNet ржПрж░ ржлрзНрж░рж┐ Internet browsing! https://goo.gl/hLpURZ  тЦ╢ ржЧрзНрж░рж╛ржорзАржгржлрзЛржирзЗ WhatsApp ржорзНржпрж╛рж╕рзЗржЬрж┐ржВ ржХрж░рзБржи рзи.рзкрзк ржЯрж╛ржХрж╛рзЯ https://goo.gl/jvjbwp тЦ╢ ржЧрзНрж░рж╛ржорзАржиржлрзЛржи ржирждрзБржи рж╕рж┐ржорзЗ рзйржЬрж┐ржмрж┐ ржлрзНрж░рж┐ ржЗржирзНржЯрж╛рж░ржирзЗржЯ https://goo.gl/WpehBn тЦ╢  ржЧрзНрж░рж╛ржорзАржгржлрзЛржирзЗ рзиржЯрж╛ржХрж╛рзЯ рзирзжржПржоржмрж┐ ржнрж╛ржЗржмрж╛рж░ ржорзЗрж╕рзЗржЬрж┐ржВ http://goo.gl/HEIY65 тЦ╢  ржЧрзНрж░рж╛ржорзАржгржлрзЛржи рзйрзиMB ржЗржирзНржЯрж╛рж░ржирзЗржЯ Scratch Card рзпржЯрж╛ржХрж╛ https://goo.gl/mcaozg тЦ╢ ржЧрзНрж░рж╛ржорзАржгржлрзЛржи рззрзжрзжржПржоржмрж┐  ржЗржирзНржЯрж╛рж░ржирзЗржЯ рж╕рзНржХрзНрж░рзНржпрж╛ржЪ ржХрж╛рж░рзНржб  рззрзпржЯрж╛ржХрж╛ https://goo.gl/6vYoZX  тЦ╢ржЧрзНрж░рж╛ржорзАржгржлрзЛржи рзйрзлржПржоржмрж┐ ржЗржирзНржЯрж╛рж░ржирзЗржЯ рж╕рзНржХрзНрж░рзНржпрж╛ржЪ ржХрж╛рж░рзНржб рззрзжржЯрж╛ржХрж╛ https://goo.gl/3iGAfw тЦ╢  ржЧрзНрж░рж╛ржорзАржгржлрзЛржи ржЗржорж╛рж░рзНржЬрзЗржирзНрж╕рж┐  ржмрзНржпрж╛рж▓рж╛ржирзНрж╕ https://goo.gl/U1WVwf тЦ╢   ржЧрзНрж░рж╛ржорзАржгржлрзЛржи ржЗржорж╛рж░рзНржЬрзЗржирзНрж╕рж┐ ржЗржирзНржЯрж╛рж░ржирзЗржЯ ржмрзНржпрж╛рж▓рж╛ржирзНрж╕ рззрзж ржПржоржмрж┐ ржЗржирзНржЯрж╛рж░ржирзЗржЯ http://goo.gl/N4Iso4 тЦ╢  ржЧрзНрж░рж╛ржорзАржгржлрзЛржи ржирждрзБржи рзй ржЯрж┐ ржнрж┐ржбрж┐ржУ ржкрзНржпрж╛ржХ youtube bongobd popcornlive http://goo.gl/geQ1B1  тЦ╢  Grameenphone Smart-Mega Plan ржП рзйрзж ржжрж┐ржирзЗрж░ ржЬржирзНржп рзй ржЬрж┐ржмрж┐ ржЗржирзНржЯрж╛рж░ржирзЗржЯ  рзмрзжрзж ржорж┐ржирж┐ржЯ (ржпрзЗржХрзЛржирзЛ рж▓рзЛржХрж╛рж▓ ржиржорзНржмрж░рзЗ) ржЯржХрзН ржЯрж╛ржЗржо  рзмрзжрзж ржЯрж┐ SMS (ржЬрж┐ржкрж┐-ржЬрж┐ржкрж┐) ржПржмржВ рзмрзжрзж ржЯрж┐ MMS. http://goo.gl/BnlqTB  тЦ╢  Grameenphone Smart-Midi Plan ржП рзйрзж ржжрж┐ржирзЗрж░ ржЬржирзНржп рзз.рзл ржЬрж┐ржмрж┐ ржЗржирзНржЯрж╛рж░ржирзЗржЯ  рзкрзжрзж ржорж┐ржирж┐ржЯ (ржпрзЗржХрзЛржирзЛ рж▓рзЛржХрж╛рж▓ ржиржорзНржмрж░рзЗ) ржЯржХрзН ржЯрж╛ржЗржо  рзкрзжрзж ржЯрж┐ SMS (ржЬрж┐ржкрж┐-ржЬрж┐ржкрж┐) ржПржмржВ рзкрзжрзж ржЯрж┐ MMS http://goo.gl/alfFi2",2017-10-10T13:20:27+0000,4,114,1,0,0,0
gp,1472469436164105_1472472952830420,ржЖржЧрзЗрж░ ржЕржлрж╛рж░ ржмрж╛ржж ржжрж┐рзЯрзЗ ржирждрзБржи ржЕржлрж╛рж░ ржжрзЗржи ред,2017-10-10T13:24:03+0000,0,0,0,0,0,0
gp,1472469436164105_1472505699493812,ЁЯШБЁЯШВржПржЗ ржЧрзБрж▓рж╛ ржирж╛ржХрж┐ ржЕржлрж╛рж░,2017-10-10T14:07:26+0000,0,0,0,1,0,0
gp,1472469436164105_1472573336153715,ржЖржкржирж╛рж░рж╛  ржЖржорж╛рж░ ржирж╛ржорзНржмрж╛рж░ржЯрж┐ ржмрж┐ржХрзНрж░рж┐ ржХрж░рзЗ ржжрж┐рзЯрзЗржЫрзЗржи ржЕржирзНржп ржЖрж░рзЗржХ ржЬржирзЗрж░ ржХрж╛ржЫрзЗ ! 01706970175 ржирж╛ржорзНржмрж╛рж░ржЯрж┐ред,2017-10-10T15:38:44+0000,0,0,0,0,0,0
gp,1472469436164105_1472716562806059,ржЧрзНрж░рж╛ржорзАржгржлрзЛржи  рж╕рзЗржирзНржЯрж╛рж░  ржерзЗржХрзЗ ржПржХржЯрж┐ micromex Q 354 ржХрж┐ржиржЫрж┐рж▓рж╛ржо рзк.рзжрзжрзж/ржЯрж╛ржХрж╛ ржжрж┐рзЯрзЗ  ржПржХржЯрж╛ ржмрж╛ржЬрзЗ ржлрзЛржи ржбрж┐рж╕ржкрзНрж▓рзЗ  ржЯрж╛ ржнрж╛рж▓ ржирж╛  ржнрж┐ржбрж┐ржУ ржХрж▓рзЗ ржХржерж╛ ржмрж▓рж╛рж░ рж╕ржорзЯ ржЫржмрж┐ ржирзЗржЧрзЗржЯрж┐ржн   ржжрзЗржЦрж╛ ржпрж╛рзЯред ржЕржирзЗржХ ржмрж┐рж╢рзНржмрж╕ ржХрж░рзЗ ржХрж┐ржирж▓рж╛ржо ржоржирзЗ ржХрж░рж▓рж╛ржо ржЧрзНрж░рж╛ржорзАржгржлрзЛржи  ржнрж╛рж▓ рж╣ржмрзЗ ржХрж┐ржирзНрждрзБ ржирж╛  ржжрзЯрж╛ ржХрж░рзЗ ржХрзЗржЙ ржХрж┐ржиржмрзЗржи ржирж╛  ржХрж┐ржи рж▓рзЗ ржкрж░рзЗ ржарзЗрж▓рж╛ ржЦрж╛ржЗржмрзЗржи ржЖржорж╛рж░ ржорждред,2017-10-10T18:46:30+0000,0,0,0,0,0,0
gp,121148644629531_1469651686445880,рж╢рзАржШрзНрж░ржЗ ржмрж╛ржВрж▓рж╛ржжрзЗрж╢рзЗ ржЖрж╕ржЫрзЗ ржмрж╣рзБрж▓ ржкрзНрж░рждрзАржХрзНрж╖рж┐ржд ржжрзНрж░рзБрждржЧрждрж┐ рж╕ржорзНржкржирзНржи 4G ржЗржирзНржЯрж╛рж░ржирзЗржЯ! рж╕ржХрж▓ ржЧрзНрж░рж╛ржорзАржгржлрзЛржи ржЧрзНрж░рж╛рж╣ржХ рждрж╛ржжрзЗрж░ ржиржорзНржмрж░ ржкрж░рж┐ржмрж░рзНрждржи ржЫрж╛рзЬрж╛ржЗ ржпрзЗржХрзЛржирзЛ ржЧрзНрж░рж╛ржорзАржгржлрзЛржи рж╕рзЗржирзНржЯрж╛рж░ ржерзЗржХрзЗ 4G рж╕рж┐ржо ржирж┐рждрзЗ ржкрж╛рж░ржмрзЗржи https://goo.gl/wesaJj,2017-10-07T11:44:03+0000,6,36,1,0,0,0
gp,1469651686445880_1469789206432128,Koto bin lagda,2017-10-07T14:48:32+0000,0,0,0,0,0,0
gp,1469651686445880_1471183236292725,@ ржЧрзНрж░рж╛ржорзАржгржлрзЛржирзЗрж░ ржирзЗржЯржУрзЯрж╛рж░рзНржХ ржирж╛ржХрж┐ ржмрж╛ржВрж▓рж╛ржжрзЗрж╢рзЗрж░ рж╕ржмржЪрзЗрзЯрзЗ рж╢ржХрзНрждрж┐рж╢рж╛рж▓рзА ржирзЗржЯржУрзЯрж╛рж░рзНржХред рждржмрзЗ ржЖржорж╛рж░ ржЧрзНрж░рж╛ржоржЗ ржоржирзЗ рж╣рзЯ ржПржЗ рж╕рзБржмрж┐ржзрж╛ рж╣рждрзЗ ржмржЮрзНржЪрж┐рждред ржмрж░рж┐рж╢рж╛рж▓рзЗрж░  ржмрж╛ржирж╛рж░рзАржкрж╛рзЬрж╛ ржерж╛ржирж╛рж░ рж╕рзИрзЯржжржХрж╛ржарзА ржЗржЙржирж┐рзЯржирзЗрж░ ржорж╛рж▓рж┐ржХрж╛ржирзНржжрж╛ ржмрзНрж░рж╛ржорзНржоржиржмрж╛рзЬрзА ржУ рждрзЗрждрж▓рж╛ ржПржЗ рждрж┐ржиржЯрж┐ ржЧрзНрж░рж╛ржорзЗрж░ ржмрзЗрж╣рж╛рж▓ ржЕржмрж╕рзНржерж╛ 3g  ржирзЗржЯржУрзЯрж╛рж░рзНржХ рждрзЛ ржжрзБрж░рзЗрж░ ржХржерж╛ ржШрж░рзЗ ржмрж╕рзЗ 2g network ржУ ржкрж╛ржУрзЯрж╛ ржпрж╛рзЯ ржирж╛редржХржерж╛ ржмрж▓рждрзЗ рж╣рж▓рзЗржУ ржШрж░ ржерзЗржХрзЗ ржмрзЗрж░рж┐рзЯрзЗ ржХржерж╛ ржмрж▓рждрзЗ рж╣рзЯред ржЖржорж┐ ржЧрзНрж░рж╛ржорзАржиржлрзЛржи ржЕржкрж╛рж░рзЗржЯрж░ ржХрзЗ ржЕржирзБрж░рзЛржз ржХрж░ржм ржПржЗ рждрж┐ржи ржЧрзНрж░рж╛ржорзЗрж░ ржЕрж╕рзБржмрж┐ржзрж╛ ржжрзВрж░ ржХрж░рж╛рж░ ржЬржирзНржп ржЕржмрж╢рзНржпржЗ рж╢ржХрзНрждрж┐рж╢рж╛рж▓рзА 4g network рж╕ржорзНржмрж▓рж┐ржд ржПржХржЯрж┐  ржЯрж╛ржУрзЯрж╛рж░ рж╕рзНржерж╛ржкржи ржХрж░рзЗ ржЧрзНрж░рж╛ржорзЗрж░ ржЙржирзНржирзЯржирзЗ ржнрзБржорж┐ржХрж╛ рж░рж╛ржЦрзБржиред,2017-10-09T02:30:56+0000,0,0,0,0,0,0
gp,1469651686445880_1471184536292595,@ ржЧрзНрж░рж╛ржорзАржгржлрзЛржирзЗрж░ ржирзЗржЯржУрзЯрж╛рж░рзНржХ ржирж╛ржХрж┐ ржмрж╛ржВрж▓рж╛ржжрзЗрж╢рзЗрж░ рж╕ржмржЪрзЗрзЯрзЗ рж╢ржХрзНрждрж┐рж╢рж╛рж▓рзА ржирзЗржЯржУрзЯрж╛рж░рзНржХред рждржмрзЗ ржЖржорж╛рж░ ржЧрзНрж░рж╛ржоржЗ ржоржирзЗ рж╣рзЯ ржПржЗ рж╕рзБржмрж┐ржзрж╛ рж╣рждрзЗ ржмржЮрзНржЪрж┐рждред ржмрж░рж┐рж╢рж╛рж▓рзЗрж░  ржмрж╛ржирж╛рж░рзАржкрж╛рзЬрж╛ ржерж╛ржирж╛рж░ рж╕рзИрзЯржжржХрж╛ржарзА ржЗржЙржирж┐рзЯржирзЗрж░ ржорж╛рж▓рж┐ржХрж╛ржирзНржжрж╛ ржмрзНрж░рж╛ржорзНржоржиржмрж╛рзЬрзА ржУ рждрзЗрждрж▓рж╛ ржПржЗ рждрж┐ржиржЯрж┐ ржЧрзНрж░рж╛ржорзЗрж░ ржмрзЗрж╣рж╛рж▓ ржЕржмрж╕рзНржерж╛ 3g  ржирзЗржЯржУрзЯрж╛рж░рзНржХ рждрзЛ ржжрзБрж░рзЗрж░ ржХржерж╛ ржШрж░рзЗ ржмрж╕рзЗ 2g network ржУ ржкрж╛ржУрзЯрж╛ ржпрж╛рзЯ ржирж╛редржХржерж╛ ржмрж▓рждрзЗ рж╣рж▓рзЗржУ ржШрж░ ржерзЗржХрзЗ ржмрзЗрж░рж┐рзЯрзЗ ржХржерж╛ ржмрж▓рждрзЗ рж╣рзЯред ржЖржорж┐ ржЧрзНрж░рж╛ржорзАржиржлрзЛржи ржЕржкрж╛рж░рзЗржЯрж░ ржХрзЗ ржЕржирзБрж░рзЛржз ржХрж░ржм ржПржЗ рждрж┐ржи ржЧрзНрж░рж╛ржорзЗрж░ ржЕрж╕рзБржмрж┐ржзрж╛ ржжрзВрж░ ржХрж░рж╛рж░ ржЬржирзНржп ржЕржмрж╢рзНржпржЗ рж╢ржХрзНрждрж┐рж╢рж╛рж▓рзА 4g network рж╕ржорзНржмрж▓рж┐ржд ржПржХржЯрж┐  ржЯрж╛ржУрзЯрж╛рж░ рж╕рзНржерж╛ржкржи ржХрж░рзЗ ржЧрзНрж░рж╛ржорзЗрж░ ржЙржирзНржирзЯржирзЗ ржнрзБржорж┐ржХрж╛ рж░рж╛ржЦрзБржиред,2017-10-09T02:33:49+0000,0,0,0,0,0,0
gp,121148644629531_1469651476445901,тЦ╢ржЧрзНрж░рж╛ржорзАржгржлрзЛржи рзйрзз ржЯрж╛ржХрж╛рзЯ рзирзлрзжMB ржЗржирзНржЯрж╛рж░ржирзЗржЯ https://goo.gl/g1mXU8 тЦ╢ ржЧрзНрж░рж╛ржорзАржиржлрзЛржи рзиржЬрж┐ржмрж┐ рж░рж╛рждрзНрж░рж┐ржХрж╛рж▓рзАржи ржЗржирзНржЯрж╛рж░ржирзЗржЯ ржкрзНржпрж╛ржХ рзмрззржЯрж╛ржХрж╛рзЯ  https://goo.gl/VX8KNU  тЦ╢ ржЧрзНрж░рж╛ржорзАржгржлрзЛржи рззржЬрж┐ржмрж┐ ржЗржирзНржЯрж╛рж░ржирзЗржЯ  рзпрзкржЯрж╛ржХрж╛ https://goo.gl/04nDn6 тЦ╢ ржЧрзНрж░рж╛ржорзАржгржлрзЛржи рзиржЬрж┐ржмрж┐ ржЗржирзНржЯрж╛рж░ржирзЗржЯ рззрзирзпржЯрж╛ржХрж╛рзЯ  http://goo.gl/RLN2Pn тЦ╢ржЧрзНрж░рж╛ржорзАржгржлрзЛржи рзкржЬрж┐ржмрж┐ рззрзнрзп ржЯрж╛ржХрж╛рзЯ (ржПрж╕ржбрж┐  ржнрзНржпрж╛ржЯ  ржПрж╕рж╕рж┐ ржЕржирзНрждрж░рзНржнрзБржХрзНржд) https://goo.gl/hFV0Fe тЦ╢ ржЧрзНрж░рж╛ржорзАржгржлрзЛржи рзмржЬрж┐ржмрж┐ рзирззрзпржЯрж╛ржХрж╛ https://goo.gl/1uoGK5,2017-10-07T11:43:46+0000,5,44,1,0,0,1
gp,1469651476445901_1469668173110898,Unlimited fb pack ace?,2017-10-07T12:08:21+0000,0,0,0,0,0,0
gp,1469651476445901_1470583336352715,31 takai 250 mb Er time ki all time?,2017-10-08T11:37:32+0000,0,0,0,0,0,0
gp,1469651476445901_1470584653019250,31 takai 250 mb Er time ki all time?meyad koy din,2017-10-08T11:40:15+0000,0,0,0,0,0,0
gp,1469651476445901_1470941516316897,ржЬрзНржЮрж╛ржи ржкрж╛ржкрзА тШ║тШ║,2017-10-08T19:43:39+0000,0,0,0,0,0,0
gp,1469651476445901_1471183909625991,@ ржЧрзНрж░рж╛ржорзАржгржлрзЛржирзЗрж░ ржирзЗржЯржУрзЯрж╛рж░рзНржХ ржирж╛ржХрж┐ ржмрж╛ржВрж▓рж╛ржжрзЗрж╢рзЗрж░ рж╕ржмржЪрзЗрзЯрзЗ рж╢ржХрзНрждрж┐рж╢рж╛рж▓рзА ржирзЗржЯржУрзЯрж╛рж░рзНржХред рждржмрзЗ ржЖржорж╛рж░ ржЧрзНрж░рж╛ржоржЗ ржоржирзЗ рж╣рзЯ ржПржЗ рж╕рзБржмрж┐ржзрж╛ рж╣рждрзЗ ржмржЮрзНржЪрж┐рждред ржмрж░рж┐рж╢рж╛рж▓рзЗрж░  ржмрж╛ржирж╛рж░рзАржкрж╛рзЬрж╛ ржерж╛ржирж╛рж░ рж╕рзИрзЯржжржХрж╛ржарзА ржЗржЙржирж┐рзЯржирзЗрж░ ржорж╛рж▓рж┐ржХрж╛ржирзНржжрж╛ ржмрзНрж░рж╛ржорзНржоржиржмрж╛рзЬрзА ржУ рждрзЗрждрж▓рж╛ ржПржЗ рждрж┐ржиржЯрж┐ ржЧрзНрж░рж╛ржорзЗрж░ ржмрзЗрж╣рж╛рж▓ ржЕржмрж╕рзНржерж╛ 3g  ржирзЗржЯржУрзЯрж╛рж░рзНржХ рждрзЛ ржжрзБрж░рзЗрж░ ржХржерж╛ ржШрж░рзЗ ржмрж╕рзЗ 2g network ржУ ржкрж╛ржУрзЯрж╛ ржпрж╛рзЯ ржирж╛редржХржерж╛ ржмрж▓рждрзЗ рж╣рж▓рзЗржУ ржШрж░ ржерзЗржХрзЗ ржмрзЗрж░рж┐рзЯрзЗ ржХржерж╛ ржмрж▓рждрзЗ рж╣рзЯред ржЖржорж┐ ржЧрзНрж░рж╛ржорзАржиржлрзЛржи ржЕржкрж╛рж░рзЗржЯрж░ ржХрзЗ ржЕржирзБрж░рзЛржз ржХрж░ржм ржПржЗ рждрж┐ржи ржЧрзНрж░рж╛ржорзЗрж░ ржЕрж╕рзБржмрж┐ржзрж╛ ржжрзВрж░ ржХрж░рж╛рж░ ржЬржирзНржп ржЕржмрж╢рзНржпржЗ рж╢ржХрзНрждрж┐рж╢рж╛рж▓рзА 4g network рж╕ржорзНржмрж▓рж┐ржд ржПржХржЯрж┐  ржЯрж╛ржУрзЯрж╛рж░ рж╕рзНржерж╛ржкржи ржХрж░рзЗ ржЧрзНрж░рж╛ржорзЗрж░ ржЙржирзНржирзЯржирзЗ ржнрзБржорж┐ржХрж╛ рж░рж╛ржЦрзБржиред,2017-10-09T02:32:14+0000,0,0,0,0,0,0
gp,121148644629531_1466207956790253,тЦ╢ржЧрзНрж░рж╛ржорзАржгржлрзЛржи рзйрзз ржЯрж╛ржХрж╛рзЯ рзирзлрзжMB ржЗржирзНржЯрж╛рж░ржирзЗржЯ https://goo.gl/g1mXU8 тЦ╢ ржЧрзНрж░рж╛ржорзАржиржлрзЛржи рзиржЬрж┐ржмрж┐ рж░рж╛рждрзНрж░рж┐ржХрж╛рж▓рзАржи ржЗржирзНржЯрж╛рж░ржирзЗржЯ ржкрзНржпрж╛ржХ рзмрззржЯрж╛ржХрж╛рзЯ  https://goo.gl/VX8KNU  тЦ╢ ржЧрзНрж░рж╛ржорзАржгржлрзЛржи рззржЬрж┐ржмрж┐ ржЗржирзНржЯрж╛рж░ржирзЗржЯ  рзпрзкржЯрж╛ржХрж╛ https://goo.gl/04nDn6 тЦ╢ ржЧрзНрж░рж╛ржорзАржгржлрзЛржи рзиржЬрж┐ржмрж┐ ржЗржирзНржЯрж╛рж░ржирзЗржЯ рззрзирзпржЯрж╛ржХрж╛рзЯ  http://goo.gl/RLN2Pn тЦ╢ржЧрзНрж░рж╛ржорзАржгржлрзЛржи рзкржЬрж┐ржмрж┐ рззрзнрзп ржЯрж╛ржХрж╛рзЯ (ржПрж╕ржбрж┐  ржнрзНржпрж╛ржЯ  ржПрж╕рж╕рж┐ ржЕржирзНрждрж░рзНржнрзБржХрзНржд) https://goo.gl/hFV0Fe тЦ╢ ржЧрзНрж░рж╛ржорзАржгржлрзЛржи рзмржЬрж┐ржмрж┐ рзирззрзпржЯрж╛ржХрж╛ https://goo.gl/1uoGK5,2017-10-03T12:33:04+0000,5,120,1,0,0,0
gp,1466207956790253_1466901900054192,Amar id te koita sim ass check korbo kivabe,2017-10-04T08:22:19+0000,0,1,0,0,0,0
gp,1466207956790253_1467680316643017,Balance Transfers korbo kivabe,2017-10-05T05:07:26+0000,0,0,0,0,0,0
gp,1466207956790253_1468076886603360,ржЖржЬржХрзЗ ржПржХржЯрж╛ ржорзЗрж╕рзЗржЬ ржкрж╛ржЗрж▓рж╛ржо рж▓рж┐ржЦрж╛ ржЖржЫрзЗ *рзлрзжрзирзж*рзирззрзжрзи# ржПржЗ ржмрж╛ржмрзЗ рзз ржЬрж┐ржмрж┐ ржорзЗрзЯрж╛ржж рзйрзж ржжрж┐ржи ржХрж┐ржирзНрждрзБ ржорзЗрж╕рзЗржЬржЯрж╛ рж╕рзЗржирзНржЯ ржХрж░рж▓рзЗ рж░ржВ ржмрж╛рждрж╛рзЯ ржХрж╛рж░ржи ржЯрж╛ ржХрж┐ ржПржХржЯрзБ ржЬрж╛ржирж╛ржмрзЗржи ред,2017-10-05T15:54:58+0000,0,0,0,0,0,0
gp,1466207956790253_1468839986527050,17 taka ta 150 MB offer ta ke shobar zonno,2017-10-06T13:39:50+0000,0,0,0,0,0,0
gp,1466207956790253_1483474188396963,2gb night pack koto taka ar ki vabe nibo,2017-10-22T18:37:53+0000,0,0,0,0,0,0
gp,121148644629531_1462712670473115,ржЧрзНрж░рж╛ржорзАржгржлрзЛржи 4G рж╕рж┐ржо https://goo.gl/wesaJj,2017-09-29T09:55:39+0000,5,66,0,0,0,0
gp,1462712670473115_1462714257139623,do i need to bring any documents with me ?,2017-09-29T09:58:40+0000,0,0,0,0,0,0
gp,1462712670473115_1462715507139498,Cost koto?,2017-09-29T10:01:09+0000,0,0,0,0,0,0
gp,1462712670473115_1462991000445282,It's really funny to see you have 4G sim still some of our city doesn't have 3G network,2017-09-29T17:16:52+0000,0,0,0,0,0,0
gp,1462712670473115_1463914417019607,ржЖржорж┐ рж╕рзНржЯрж╛рж░ ржЧрзНрж░рж╛рж╣ржХ ржЖржорж╛рж░ ржХрж┐ рж╕рж┐ржо рж░рж┐ржкрзНрж▓рзЗрж╕ ржХрж░рждрзЗ ржЯрж╛ржХрж╛ рж▓рж╛ржЧржм? ржЖрж░ рж╕рж╛ржерзЗ ржХрж┐ ржХрж┐ рж▓рж╛ржЧржмрзЗ?,2017-09-30T19:54:36+0000,0,0,0,0,0,0
gp,1462712670473115_1470942562983459,4g ржПржХрзНржЯрж┐ржн рж╣ржЗрж▓ рж╣ржмрзЗ! ржЖржЧрзЗржЗ ржпрзЗ ржХрж┐ржиржм! ЁЯШТЁЯШТЁЯШТЁЯШТЁЯШТ,2017-10-08T19:44:53+0000,0,0,0,0,0,0
gp,121148644629531_1462711887139860,"ржЧрзНрж░рж╛ржорзАржиржлрзЛржи ржЗржирзНржЯрж╛рж░ржирзЗржЯ рж╕ржорзНржкрж░рзНржХрж┐ржд ржЪрж▓ржорж╛ржи ржЕржлрж╛рж░рж╕ржорзВрж╣ ( Tap / Click on ""Continue Reading"" or ""See More"" )  тЦ╢ржЧрзНрж░рж╛ржорзАржгржлрзЛржи рзйрзз ржЯрж╛ржХрж╛рзЯ рзирзлрзжMB ржЗржирзНржЯрж╛рж░ржирзЗржЯ редhttps://goo.gl/g1mXU8 тЦ╢ ржЧрзНрж░рж╛ржорзАржгржлрзЛржи рззржЬрж┐ржмрж┐ ржЗржирзНржЯрж╛рж░ржирзЗржЯ  рзпрзкржЯрж╛ржХрж╛ https://goo.gl/04nDn6 тЦ╢ ржЧрзНрж░рж╛ржорзАржгржлрзЛржи рзиржЬрж┐ржмрж┐ ржЗржирзНржЯрж╛рж░ржирзЗржЯ рззрзирзпржЯрж╛ржХрж╛рзЯ  http://goo.gl/RLN2Pn тЦ╢ржЧрзНрж░рж╛ржорзАржгржлрзЛржи рзкржЬрж┐ржмрж┐ рззрзнрзп ржЯрж╛ржХрж╛рзЯ (ржПрж╕ржбрж┐  ржнрзНржпрж╛ржЯ  ржПрж╕рж╕рж┐ ржЕржирзНрждрж░рзНржнрзБржХрзНржд) https://goo.gl/hFV0Fe тЦ╢ ржЧрзНрж░рж╛ржорзАржгржлрзЛржи рзмржЬрж┐ржмрж┐ рзирззрзпржЯрж╛ржХрж╛ https://goo.gl/1uoGK5 тЦ╢ ржЧрзНрж░рж╛ржорзАржиржлрзЛржи рзиржЬрж┐ржмрж┐ рж░рж╛рждрзНрж░рж┐ржХрж╛рж▓рзАржи ржЗржирзНржЯрж╛рж░ржирзЗржЯ ржкрзНржпрж╛ржХ рзмрззржЯрж╛ржХрж╛рзЯ  https://goo.gl/VX8KNU  тЦ╢ ржПржЦржи Grameenphone ржЗржирзНржЯрж╛рж░ржирзЗржЯ ржП ржлрзЗрж░ржд ржЖрж╕рж▓рзЗржЗ рзл ржЯрж╛ржХрж╛рзЯ 500MB ! ржПржЗ ржЕржлрж╛рж░ржЯрж┐ рж╢рзБржзрзБ рждрж╛ржжрзЗрж░ ржЬржирзНржп ржкрзНрж░ржпрзЛржЬрзНржп ржпрж╛ржжрзЗрж░ рззрзн ржЬрзБржи рзирзжрззрзн ржерзЗржХрзЗ  GP ржЗржирзНржЯрж╛рж░ржирзЗржЯ ржмрзНржпржмрж╣рж╛рж░ ржХрж░рж╛ рж╣рзЯржирж┐ред https://goo.gl/r9hYoe  тЦ╢  ржЧрзНрж░рж╛ржорзАржгржлрзЛржи ржХрзЯрзЗржХржЯрж┐ ржЗржирзНржЯрж╛рж░ржирзЗржЯ ржкрзНржпрж╛ржХрзЗ ржбрж╛ржЯрж╛ ржмрж╛рзЬрж╛ржирзЛ рж╣рзЯрзЗржЫрзЗ https://goo.gl/tN5yEd тЦ╢ ржЧрзНрж░рж╛ржорзАржгржлрзЛржи рзз.рзл ржЬрж┐ржмрж┐ рзирзирзп ржЯрж╛ржХрж╛рзЯ ржорзЗрзЯрж╛ржж рзирзоржжрж┐ржи https://goo.gl/UqMchU тЦ╢ ржЧрзНрж░рж╛ржорзАржгржлрзЛржи ржЕрзНржпрж╛ржХрж╢ржи ржкрзНржпрж╛ржХ рззржЬрж┐ржмрж┐ рззрзпрзпржЯрж╛ржХрж╛ ржУ рзиржЬрж┐ржмрж┐ рзирзпрзпржЯрж╛ржХрж╛ (ржЗржирзНржЯрж╛рж░ржирзЗржЯ ржлрзЗрж╕ржмрзБржХ ржнрж┐ржбрж┐ржУ ржУ ржЬрж┐ржкрж┐ ржорж┐ржЙржЬрж┐ржХ ржбрж╛ржЯрж╛) https://goo.gl/UnJ7JM тЦ╢ ржЧрзНрж░рж╛ржорзАржгржлрзЛржи рзлрзжрзжржПржоржмрж┐ рзирзоржжрж┐ржи ржорзЗрзЯрж╛ржж рззрзкрзпржЯрж╛ржХрж╛  https://goo.gl/u2afx6 тЦ╢ ржЧрзНрж░рж╛ржорзАржгржлрзЛржи 1GB Video Pack рзкрзп ржЯрж╛ржХрж╛рзЯ https://goo.gl/sooJZ0 тЦ╢  ржЧрзНрж░рж╛ржорзАржгржлрзЛржи 3G ржЗржирзНржЯрж╛рж░ржирзЗржЯ ржкрзНржпрж╛ржХрзЗржЬ http://goo.gl/wVvyeL тЦ╢  ржЧрзНрж░рж╛ржорзАржгржлрзЛржи 2G ржЗржирзНржЯрж╛рж░ржирзЗржЯ ржкрзНржпрж╛ржХрзЗржЬ http://goo.gl/tJ6LAt тЦ╢ ржЧрзНрж░рж╛ржорзАржгржлрзЛржи рж╕рзЛрж╢рзНржпрж╛рж▓ ржкрзНржпрж╛ржХ http://goo.gl/Xz3s3s тЦ╢ Grameenphone ржПржЦржи EasyNet ржПрж░ ржлрзНрж░рж┐ Internet browsing! https://goo.gl/hLpURZ  тЦ╢ ржЧрзНрж░рж╛ржорзАржгржлрзЛржирзЗ WhatsApp ржорзНржпрж╛рж╕рзЗржЬрж┐ржВ ржХрж░рзБржи рзи.рзкрзк ржЯрж╛ржХрж╛рзЯ https://goo.gl/jvjbwp тЦ╢ ржЧрзНрж░рж╛ржорзАржиржлрзЛржи ржирждрзБржи рж╕рж┐ржорзЗ рзйржЬрж┐ржмрж┐ ржлрзНрж░рж┐ ржЗржирзНржЯрж╛рж░ржирзЗржЯ https://goo.gl/WpehBn тЦ╢  ржЧрзНрж░рж╛ржорзАржгржлрзЛржирзЗ рзиржЯрж╛ржХрж╛рзЯ рзирзжржПржоржмрж┐ ржнрж╛ржЗржмрж╛рж░ ржорзЗрж╕рзЗржЬрж┐ржВ http://goo.gl/HEIY65 тЦ╢  ржЧрзНрж░рж╛ржорзАржгржлрзЛржи рзйрзиMB ржЗржирзНржЯрж╛рж░ржирзЗржЯ Scratch Card рзпржЯрж╛ржХрж╛ https://goo.gl/mcaozg тЦ╢ ржЧрзНрж░рж╛ржорзАржгржлрзЛржи рззрзжрзжржПржоржмрж┐  ржЗржирзНржЯрж╛рж░ржирзЗржЯ рж╕рзНржХрзНрж░рзНржпрж╛ржЪ ржХрж╛рж░рзНржб  рззрзпржЯрж╛ржХрж╛ https://goo.gl/6vYoZX  тЦ╢ржЧрзНрж░рж╛ржорзАржгржлрзЛржи рзйрзлржПржоржмрж┐ ржЗржирзНржЯрж╛рж░ржирзЗржЯ рж╕рзНржХрзНрж░рзНржпрж╛ржЪ ржХрж╛рж░рзНржб рззрзжржЯрж╛ржХрж╛ https://goo.gl/3iGAfw тЦ╢  ржЧрзНрж░рж╛ржорзАржгржлрзЛржи ржЗржорж╛рж░рзНржЬрзЗржирзНрж╕рж┐  ржмрзНржпрж╛рж▓рж╛ржирзНрж╕ https://goo.gl/U1WVwf тЦ╢   ржЧрзНрж░рж╛ржорзАржгржлрзЛржи ржЗржорж╛рж░рзНржЬрзЗржирзНрж╕рж┐ ржЗржирзНржЯрж╛рж░ржирзЗржЯ ржмрзНржпрж╛рж▓рж╛ржирзНрж╕ рззрзж ржПржоржмрж┐ ржЗржирзНржЯрж╛рж░ржирзЗржЯ http://goo.gl/N4Iso4 тЦ╢  ржЧрзНрж░рж╛ржорзАржгржлрзЛржи ржирждрзБржи рзй ржЯрж┐ ржнрж┐ржбрж┐ржУ ржкрзНржпрж╛ржХ youtube bongobd popcornlive http://goo.gl/geQ1B1  тЦ╢  Grameenphone Smart-Mega Plan ржП рзйрзж ржжрж┐ржирзЗрж░ ржЬржирзНржп рзй ржЬрж┐ржмрж┐ ржЗржирзНржЯрж╛рж░ржирзЗржЯ  рзмрзжрзж ржорж┐ржирж┐ржЯ (ржпрзЗржХрзЛржирзЛ рж▓рзЛржХрж╛рж▓ ржиржорзНржмрж░рзЗ) ржЯржХрзН ржЯрж╛ржЗржо  рзмрзжрзж ржЯрж┐ SMS (ржЬрж┐ржкрж┐-ржЬрж┐ржкрж┐) ржПржмржВ рзмрзжрзж ржЯрж┐ MMS. http://goo.gl/BnlqTB  тЦ╢  Grameenphone Smart-Midi Plan ржП рзйрзж ржжрж┐ржирзЗрж░ ржЬржирзНржп рзз.рзл ржЬрж┐ржмрж┐ ржЗржирзНржЯрж╛рж░ржирзЗржЯ  рзкрзжрзж ржорж┐ржирж┐ржЯ (ржпрзЗржХрзЛржирзЛ рж▓рзЛржХрж╛рж▓ ржиржорзНржмрж░рзЗ) ржЯржХрзН ржЯрж╛ржЗржо  рзкрзжрзж ржЯрж┐ SMS (ржЬрж┐ржкрж┐-ржЬрж┐ржкрж┐) ржПржмржВ рзкрзжрзж ржЯрж┐ MMS http://goo.gl/alfFi2",2017-09-29T09:54:13+0000,1,72,1,0,0,2
gp,1462711887139860_1471726146238434,Abdul Kadir Sobuj,2017-10-09T17:16:18+0000,0,0,0,0,0,0
gp,121148644629531_1458116827599366,"ржЧрзНрж░рж╛ржорзАржиржлрзЛржи ржЗржирзНржЯрж╛рж░ржирзЗржЯ рж╕ржорзНржкрж░рзНржХрж┐ржд ржЪрж▓ржорж╛ржи ржЕржлрж╛рж░рж╕ржорзВрж╣ ( Tap / Click on ""Continue Reading"" or ""See More"" )  тЦ╢ржЧрзНрж░рж╛ржорзАржгржлрзЛржи рзйрзз ржЯрж╛ржХрж╛рзЯ рзирзлрзжMB ржЗржирзНржЯрж╛рж░ржирзЗржЯ редhttps://goo.gl/g1mXU8 тЦ╢ ржЧрзНрж░рж╛ржорзАржгржлрзЛржи рззржЬрж┐ржмрж┐ ржЗржирзНржЯрж╛рж░ржирзЗржЯ  рзпрзкржЯрж╛ржХрж╛ https://goo.gl/04nDn6 тЦ╢ ржЧрзНрж░рж╛ржорзАржгржлрзЛржи рзиржЬрж┐ржмрж┐ ржЗржирзНржЯрж╛рж░ржирзЗржЯ рззрзирзпржЯрж╛ржХрж╛рзЯ  http://goo.gl/RLN2Pn тЦ╢ржЧрзНрж░рж╛ржорзАржгржлрзЛржи рзкржЬрж┐ржмрж┐ рззрзнрзп ржЯрж╛ржХрж╛рзЯ (ржПрж╕ржбрж┐  ржнрзНржпрж╛ржЯ  ржПрж╕рж╕рж┐ ржЕржирзНрждрж░рзНржнрзБржХрзНржд) https://goo.gl/hFV0Fe тЦ╢ ржЧрзНрж░рж╛ржорзАржгржлрзЛржи рзмржЬрж┐ржмрж┐ рзирззрзпржЯрж╛ржХрж╛ https://goo.gl/1uoGK5 тЦ╢ ржЧрзНрж░рж╛ржорзАржиржлрзЛржи рзиржЬрж┐ржмрж┐ рж░рж╛рждрзНрж░рж┐ржХрж╛рж▓рзАржи ржЗржирзНржЯрж╛рж░ржирзЗржЯ ржкрзНржпрж╛ржХ рзмрззржЯрж╛ржХрж╛рзЯ  https://goo.gl/VX8KNU   тЦ╢ ржПржЦржи Grameenphone ржЗржирзНржЯрж╛рж░ржирзЗржЯ ржП ржлрзЗрж░ржд ржЖрж╕рж▓рзЗржЗ рзл ржЯрж╛ржХрж╛рзЯ 500MB Facebook! ржПржЗ ржЕржлрж╛рж░ржЯрж┐ рж╢рзБржзрзБ рждрж╛ржжрзЗрж░ ржЬржирзНржп ржкрзНрж░ржпрзЛржЬрзНржп ржпрж╛ржжрзЗрж░ рзирзм ржПржкрзНрж░рж┐рж▓ рзирзжрззрзн ржерзЗржХрзЗ GP ржЗржирзНржЯрж╛рж░ржирзЗржЯ ржмрзНржпржмрж╣рж╛рж░ ржХрж░рж╛ рж╣рзЯржирж┐ред https://goo.gl/r9hYoe  тЦ╢  ржЧрзНрж░рж╛ржорзАржгржлрзЛржи ржХрзЯрзЗржХржЯрж┐ ржЗржирзНржЯрж╛рж░ржирзЗржЯ ржкрзНржпрж╛ржХрзЗ ржбрж╛ржЯрж╛ ржмрж╛рзЬрж╛ржирзЛ рж╣рзЯрзЗржЫрзЗ https://goo.gl/tN5yEd тЦ╢ ржЧрзНрж░рж╛ржорзАржгржлрзЛржи рзз.рзл ржЬрж┐ржмрж┐ рзирзирзп ржЯрж╛ржХрж╛рзЯ ржорзЗрзЯрж╛ржж рзирзоржжрж┐ржи https://goo.gl/UqMchU тЦ╢ ржЧрзНрж░рж╛ржорзАржгржлрзЛржи ржЕрзНржпрж╛ржХрж╢ржи ржкрзНржпрж╛ржХ рззржЬрж┐ржмрж┐ рззрзпрзпржЯрж╛ржХрж╛ ржУ рзиржЬрж┐ржмрж┐ рзирзпрзпржЯрж╛ржХрж╛ (ржЗржирзНржЯрж╛рж░ржирзЗржЯ ржлрзЗрж╕ржмрзБржХ ржнрж┐ржбрж┐ржУ ржУ ржЬрж┐ржкрж┐ ржорж┐ржЙржЬрж┐ржХ ржбрж╛ржЯрж╛) https://goo.gl/UnJ7JM тЦ╢ ржЧрзНрж░рж╛ржорзАржгржлрзЛржи рзлрзжрзжржПржоржмрж┐ рзирзоржжрж┐ржи ржорзЗрзЯрж╛ржж рззрзкрзпржЯрж╛ржХрж╛  https://goo.gl/u2afx6 тЦ╢ ржЧрзНрж░рж╛ржорзАржгржлрзЛржи 1GB Video Pack рзкрзп ржЯрж╛ржХрж╛рзЯ https://goo.gl/sooJZ0 тЦ╢  ржЧрзНрж░рж╛ржорзАржгржлрзЛржи 3G ржЗржирзНржЯрж╛рж░ржирзЗржЯ ржкрзНржпрж╛ржХрзЗржЬ http://goo.gl/wVvyeL тЦ╢  ржЧрзНрж░рж╛ржорзАржгржлрзЛржи 2G ржЗржирзНржЯрж╛рж░ржирзЗржЯ ржкрзНржпрж╛ржХрзЗржЬ http://goo.gl/tJ6LAt тЦ╢ ржЧрзНрж░рж╛ржорзАржгржлрзЛржи рж╕рзЛрж╢рзНржпрж╛рж▓ ржкрзНржпрж╛ржХ http://goo.gl/Xz3s3s тЦ╢ Grameenphone ржПржЦржи EasyNet ржПрж░ ржлрзНрж░рж┐ Internet browsing! https://goo.gl/hLpURZ  тЦ╢ ржЧрзНрж░рж╛ржорзАржгржлрзЛржирзЗ WhatsApp ржорзНржпрж╛рж╕рзЗржЬрж┐ржВ ржХрж░рзБржи рзи.рзкрзк ржЯрж╛ржХрж╛рзЯ https://goo.gl/jvjbwp тЦ╢ ржЧрзНрж░рж╛ржорзАржиржлрзЛржи ржирждрзБржи рж╕рж┐ржорзЗ рзйржЬрж┐ржмрж┐ ржлрзНрж░рж┐ ржЗржирзНржЯрж╛рж░ржирзЗржЯ https://goo.gl/WpehBn тЦ╢  ржЧрзНрж░рж╛ржорзАржгржлрзЛржирзЗ рзиржЯрж╛ржХрж╛рзЯ рзирзжржПржоржмрж┐ ржнрж╛ржЗржмрж╛рж░ ржорзЗрж╕рзЗржЬрж┐ржВ http://goo.gl/HEIY65 тЦ╢  ржЧрзНрж░рж╛ржорзАржгржлрзЛржи рзйрзиMB ржЗржирзНржЯрж╛рж░ржирзЗржЯ Scratch Card рзпржЯрж╛ржХрж╛ https://goo.gl/mcaozg тЦ╢ ржЧрзНрж░рж╛ржорзАржгржлрзЛржи рззрзжрзжржПржоржмрж┐  ржЗржирзНржЯрж╛рж░ржирзЗржЯ рж╕рзНржХрзНрж░рзНржпрж╛ржЪ ржХрж╛рж░рзНржб  рззрзпржЯрж╛ржХрж╛ https://goo.gl/6vYoZX  тЦ╢ржЧрзНрж░рж╛ржорзАржгржлрзЛржи рзйрзлржПржоржмрж┐ ржЗржирзНржЯрж╛рж░ржирзЗржЯ рж╕рзНржХрзНрж░рзНржпрж╛ржЪ ржХрж╛рж░рзНржб рззрзжржЯрж╛ржХрж╛ https://goo.gl/3iGAfw тЦ╢  ржЧрзНрж░рж╛ржорзАржгржлрзЛржи ржЗржорж╛рж░рзНржЬрзЗржирзНрж╕рж┐  ржмрзНржпрж╛рж▓рж╛ржирзНрж╕ https://goo.gl/U1WVwf тЦ╢   ржЧрзНрж░рж╛ржорзАржгржлрзЛржи ржЗржорж╛рж░рзНржЬрзЗржирзНрж╕рж┐ ржЗржирзНржЯрж╛рж░ржирзЗржЯ ржмрзНржпрж╛рж▓рж╛ржирзНрж╕ рззрзж ржПржоржмрж┐ ржЗржирзНржЯрж╛рж░ржирзЗржЯ http://goo.gl/N4Iso4 тЦ╢  ржЧрзНрж░рж╛ржорзАржгржлрзЛржи ржирждрзБржи рзй ржЯрж┐ ржнрж┐ржбрж┐ржУ ржкрзНржпрж╛ржХ youtube bongobd popcornlive http://goo.gl/geQ1B1  тЦ╢  Grameenphone Smart-Mega Plan ржП рзйрзж ржжрж┐ржирзЗрж░ ржЬржирзНржп рзй ржЬрж┐ржмрж┐ ржЗржирзНржЯрж╛рж░ржирзЗржЯ  рзмрзжрзж ржорж┐ржирж┐ржЯ (ржпрзЗржХрзЛржирзЛ рж▓рзЛржХрж╛рж▓ ржиржорзНржмрж░рзЗ) ржЯржХрзН ржЯрж╛ржЗржо  рзмрзжрзж ржЯрж┐ SMS (ржЬрж┐ржкрж┐-ржЬрж┐ржкрж┐) ржПржмржВ рзмрзжрзж ржЯрж┐ MMS. http://goo.gl/BnlqTB  тЦ╢  Grameenphone Smart-Midi Plan ржП рзйрзж ржжрж┐ржирзЗрж░ ржЬржирзНржп рзз.рзл ржЬрж┐ржмрж┐ ржЗржирзНржЯрж╛рж░ржирзЗржЯ  рзкрзжрзж ржорж┐ржирж┐ржЯ (ржпрзЗржХрзЛржирзЛ рж▓рзЛржХрж╛рж▓ ржиржорзНржмрж░рзЗ) ржЯржХрзН ржЯрж╛ржЗржо  рзкрзжрзж ржЯрж┐ SMS (ржЬрж┐ржкрж┐-ржЬрж┐ржкрж┐) ржПржмржВ рзкрзжрзж ржЯрж┐ MMS http://goo.gl/alfFi2",2017-09-23T13:53:57+0000,3,125,1,0,0,0
gp,1458116827599366_1458127624264953,shathe meyad ta likhe dite ki Hugai jaata lage???,2017-09-23T14:09:38+0000,0,1,0,0,0,0
gp,1458116827599366_1458237187587330,kiser mb imo naki onno kiso miyad  koto din bolen,2017-09-23T16:45:40+0000,0,0,0,0,0,0
gp,1458116827599366_1458655997545449,рззрзжрзж ржПрж╕ржПржоржПрж╕ ржХржд ржЯрж╛ржХрж╛ ржЖрж░ ржПрж░ ржХрзЛржб ржирж╛ржорзНржмрж╛рж░ ржХрж┐ ржЬрж╛ржирж╛ржмрзЗржи ржкрзНрж▓рж┐ржЬ?,2017-09-24T04:13:41+0000,0,0,0,0,0,0
gp,121148644629531_1454866364591079,рж╢рзАржШрзНрж░ржЗ ржмрж╛ржВрж▓рж╛ржжрзЗрж╢рзЗ ржЖрж╕ржЫрзЗ ржмрж╣рзБрж▓ ржкрзНрж░рждрзАржХрзНрж╖рж┐ржд ржжрзНрж░рзБрждржЧрждрж┐ рж╕ржорзНржкржирзНржи 4G ржЗржирзНржЯрж╛рж░ржирзЗржЯ! рж╕ржХрж▓ ржЧрзНрж░рж╛ржорзАржгржлрзЛржи ржЧрзНрж░рж╛рж╣ржХ рждрж╛ржжрзЗрж░ ржиржорзНржмрж░ ржкрж░рж┐ржмрж░рзНрждржи ржЫрж╛рзЬрж╛ржЗ ржпрзЗржХрзЛржирзЛ ржЧрзНрж░рж╛ржорзАржгржлрзЛржи рж╕рзЗржирзНржЯрж╛рж░ ржерзЗржХрзЗ 4G рж╕рж┐ржо ржирж┐рждрзЗ ржкрж╛рж░ржмрзЗржи https://goo.gl/wesaJj,2017-09-19T18:39:21+0000,16,213,1,2,0,1
gp,1454866364591079_1454870994590616,kokhon theke 4g suru hobe...?,2017-09-19T18:46:28+0000,0,0,0,0,0,0
gp,1454866364591079_1454872434590472,3G to 4G sim replace fee?,2017-09-19T18:48:57+0000,0,0,0,0,0,0
gp,1454866364591079_1454888714588844,ржЯрзБ ржЬрж┐ ржЖржк ржбрж╛ржЙржи ржХрж░рзЗред ржЖржмрж╛рж░ ржирж╛ржХрж┐ ржлрзЛрж░ ржЬрж┐ ЁЯШЬЁЯШЬЁЯШЬ ржжрж░ржХрж╛рж░ ржирж╛ржЗ ржнрж╛ржЙ ржЖржкржирж╛рж░рж╛ 3ржЬрж┐ ржПрж░ ржирзЗржЯржУржпрж╝рж╛рж░рзНржХржЯрж╛ ржарж┐ржХ ржХрж░рзЗржиред ржЖрж▓рзНрж▓рж╛рж╣рзН ржжрзЛрж╣рж╛ржЗ рж▓рж╛ржЧрзЗЁЯШТЁЯШТЁЯШТ,2017-09-19T19:08:32+0000,0,5,0,1,0,0
gp,1454866364591079_1454889511255431,ржЯрзЗржХрж╛ ржХрждрзЛ,2017-09-19T19:10:01+0000,0,0,0,0,0,0
gp,1454866364591079_1454911904586525,vai re age 3g tik korek tar pore 4g,2017-09-19T19:50:04+0000,0,1,0,0,0,0
gp,1454866364591079_1454953661249016,ржЯрзБ ржЬрж┐ ржЖржк ржбрж╛ржЙржи ржХрж░рзЗред ржЖржмрж╛рж░ ржирж╛ржХрж┐ ржлрзЛрж░ ржЬрж┐ ЁЯШЬЁЯШЬЁЯШЬ ржжрж░ржХрж╛рж░ ржирж╛ржЗ ржнрж╛ржЙ ржЖржкржирж╛рж░рж╛ 3ржЬрж┐ ржПрж░ ржирзЗржЯржУржпрж╝рж╛рж░рзНржХржЯрж╛ ржарж┐ржХ ржХрж░рзЗржиред ржЖрж▓рзНрж▓рж╛рж╣рзН ржжрзЛрж╣рж╛ржЗ рж▓рж╛ржЧрзЗЁЯШТЁЯШТЁЯШТ,2017-09-19T20:56:41+0000,0,2,0,0,0,0
gp,1454866364591079_1454979917913057,рзйржЬрж┐ ржкрж╛рзЯржирж╛ ржЖржмрж╛рж░ рзкржЬрж┐ ржорзАрж░рж╛ржХрзНржХрзЗрж▓рзЗрж░ ржХрзМрждрзБржХред,2017-09-19T21:43:11+0000,0,1,0,0,0,0
gp,1454866364591079_1455061167904932,рж╢рж╛рж▓рж╛рж░рж╛ 3ржЬрж┐ ржарж┐ржХ ржоржд ржжрж┐рждрзЗ ржкрж╛рж░рж┐рж╕ ржирж╛   ржЕрж╛ржмрж╛рж░ 4ржЬрж┐ ржирж┐рзЯрзЗ рж▓рж╛ржлрж╛рж▓рж╛ржлрж┐ ржХрж░рждрзЗржЫрж┐рж╕!! рждрзЛржжрзЗрж░ рж▓рж╛ржЗрж╕рзЗржирзНрж╕ржЗ ржмрж╛рждрж┐рж▓ ржХрж░рж╛ ржЙржЪрж┐ржд,2017-09-20T00:19:48+0000,0,1,0,0,0,0
gp,1454866364591079_1455116084566107,Vautabaji,2017-09-20T01:57:32+0000,0,0,0,0,0,0
gp,1454866364591079_1455219194555796,ржЪржЯрзНрж░ржЧрзНрж░рж╛ржорзЗ ржирзЗржЯ ржерж╛ржХрзЗ ржирж╛ ржЖржмрж╛рж░ рзкржЬрж┐редржЪрж┐ржЯрж┐ржВ,2017-09-20T05:11:54+0000,0,0,0,0,0,0
gp,1454866364591079_1455285597882489,ржЖржорж╛рж░ рж╢рж╛рж▓рж╛ ржЬрж┐ржкрж┐ ржЖржЧрзЗ ржЗржирзНржЯрж╛рж░ржирзЗржЯ ржПрж░ ржжрж╛ржо ржХржорж╛ред рзлрзж ржкрзЯрж╕рж╛рзЯ ржХрзЗржирж╛ ржПржХ ржЬрж┐ржмрж┐ ржмрж┐ржХрзНрж░рж┐ ржХрж░ржЫрж┐рж╕ рззрзжрзж-рзирзлрзж ржЯрж╛ржХрж╛рзЯред ржорж╛ржирзБрж╖рзЗрж░ ржХржерж╛ ржЯрж╛ ржУ ржЪрж┐ржирзНрждрж╛ ржХрж░,2017-09-20T07:31:43+0000,0,2,0,0,0,0
gp,1454866364591079_1455524297858619,рж╣рж╛рж░рж╛ржоржЬрж╛ржжрж╛ржжрзЗрж░ ржирзЗржЯ рзи ржЬрж┐ ржЗ ржкрж╛рзЯ ржирж╛ ржШрж░рзЗ ржЖржмрж╛рж░ рзк ржЬрж┐ ржЬрзБрждрж╛ ржорж╛рж░ рж╢рж╛рж▓рж╛ржжрзЗрж░ ржирзЗржЯржУрзЯрж╛рж░рзНржХ ржП,2017-09-20T14:08:17+0000,0,0,0,0,0,0
gp,1454866364591079_1456559781088404,bhai lojjabodh korena egula advertisement korte?2g theke 3g e coverage dite paren na abar eisob 4g 4g shuru korsen?,2017-09-21T17:01:25+0000,0,0,0,0,0,0
gp,1454866364591079_1458026374275078,I have use 4g aim but network show 2g. But why?,2017-09-23T11:32:25+0000,0,0,0,0,0,0
gp,1454866364591079_1458026774275038,Pls advised  me,2017-09-23T11:32:59+0000,0,0,0,0,0,0
gp,1454866364591079_1465803616830687,grameenphone er 2g net e pai na sob jagay ar 4g korbo sim.4g korle kono net e pabo na....,2017-10-03T01:30:54+0000,0,0,0,0,0,0
gp,121148644629531_1454106144667101,тЦ╢ржЧрзНрж░рж╛ржорзАржгржлрзЛржи рзйрзз ржЯрж╛ржХрж╛рзЯ рзирзлрзжMB ржЗржирзНржЯрж╛рж░ржирзЗржЯ редhttps://goo.gl/g1mXU8 тЦ╢ ржЧрзНрж░рж╛ржорзАржиржлрзЛржи рзиржЬрж┐ржмрж┐ рж░рж╛рждрзНрж░рж┐ржХрж╛рж▓рзАржи ржЗржирзНржЯрж╛рж░ржирзЗржЯ ржкрзНржпрж╛ржХ рзмрззржЯрж╛ржХрж╛рзЯ  https://goo.gl/VX8KNU  тЦ╢ ржЧрзНрж░рж╛ржорзАржгржлрзЛржи рззржЬрж┐ржмрж┐ ржЗржирзНржЯрж╛рж░ржирзЗржЯ  рзпрзкржЯрж╛ржХрж╛ https://goo.gl/04nDn6 тЦ╢ ржЧрзНрж░рж╛ржорзАржгржлрзЛржи рзиржЬрж┐ржмрж┐ ржЗржирзНржЯрж╛рж░ржирзЗржЯ рззрзирзпржЯрж╛ржХрж╛рзЯ  http://goo.gl/RLN2Pn тЦ╢ржЧрзНрж░рж╛ржорзАржгржлрзЛржи рзкржЬрж┐ржмрж┐ рззрзнрзп ржЯрж╛ржХрж╛рзЯ (ржПрж╕ржбрж┐  ржнрзНржпрж╛ржЯ  ржПрж╕рж╕рж┐ ржЕржирзНрждрж░рзНржнрзБржХрзНржд) https://goo.gl/hFV0Fe тЦ╢ ржЧрзНрж░рж╛ржорзАржгржлрзЛржи рзмржЬрж┐ржмрж┐ рзирззрзпржЯрж╛ржХрж╛ https://goo.gl/1uoGK5,2017-09-19T03:13:00+0000,2,104,0,0,0,3
gp,1454106144667101_1454364247974624,miyat  koy din,2017-09-19T04:30:34+0000,0,0,0,0,0,0
gp,1454106144667101_1454792897931759,ржПржХрж╛ржЙржирзНржЯрзЗ ржЯрж╛ржХрж╛рж░ ржорзЗрзЯрж╛ржж рж╢рзЗрж╖ рж╣рзЯрзЗ ржмржирзНржз рж╕рж┐ржо рж╣рж▓рзЗ ржкрзБржиржГ рж░рж┐ржЪрж╛рж░рзНржЬ ржХрж░рж╛рж░ ржкрж░ ржкрзВрж░рзНржмрзЗрж░ ржмрзНржпрж╛рж▓рзЗржирзНрж╕ ржпрзЛржЧ рж╣ржмрзЗ ржирж╛ржХрж┐ ржЪрж▓рзЗ ржпрж╛ржмрзЗред,2017-09-19T16:52:08+0000,0,1,0,0,0,0
gp,121148644629531_1441710412573341,тЦ╢ржЧрзНрж░рж╛ржорзАржиржлрзЛржи ржИржж ржбрж╛ржЯрж╛ ржЕржлрж╛рж░ рзмржЬрж┐ржмрж┐ рзирззрзпржЯрж╛ржХрж╛ред рзкржЬрж┐ржмрж┐ рззрзнрзпржЯрж╛ржХрж╛ред рзйржЬрж┐ржмрж┐ рззрзлрзпржЯрж╛ржХрж╛ред рзиржЬрж┐ржмрж┐ рззрзирзпржЯрж╛ржХрж╛ред рзлрзжржПржоржмрж┐ рззрзйржЯрж╛ржХрж╛ https://goo.gl/4ymUF4 тЦ╢ ржЧрзНрж░рж╛ржорзАржгржлрзЛржи рзмржЬрж┐ржмрж┐ рзирззрзпржЯрж╛ржХрж╛ https://goo.gl/1uoGK5 тЦ╢ржЧрзНрж░рж╛ржорзАржгржлрзЛржи рзйржЬрж┐ржмрж┐ рззрзлрзпржЯрж╛ржХрж╛ https://goo.gl/sqwDYk тЦ╢ ржЧрзНрж░рж╛ржорзАржгржлрзЛржи рззржЬрж┐ржмрж┐ ржЗржирзНржЯрж╛рж░ржирзЗржЯ  рзпрзкржЯрж╛ржХрж╛ https://goo.gl/04nDn6  тЦ╢ ржЧрзНрж░рж╛ржорзАржгржлрзЛржи рзиржЬрж┐ржмрж┐ ржЗржирзНржЯрж╛рж░ржирзЗржЯ рззрзирзпржЯрж╛ржХрж╛рзЯ  http://goo.gl/RLN2Pn тЦ╢ржЧрзНрж░рж╛ржорзАржгржлрзЛржи рзкржЬрж┐ржмрж┐ рззрзнрзп ржЯрж╛ржХрж╛рзЯ (ржПрж╕ржбрж┐  ржнрзНржпрж╛ржЯ  ржПрж╕рж╕рж┐ ржЕржирзНрждрж░рзНржнрзБржХрзНржд) https://goo.gl/hFV0Fe тЦ╢ржЧрзНрж░рж╛ржорзАржгржлрзЛржи рзйрзз ржЯрж╛ржХрж╛рзЯ рзирзлрзжMB ржЗржирзНржЯрж╛рж░ржирзЗржЯ редhttps://goo.gl/g1mXU8  тЦ╢ ржПржЦржи Grameenphone ржЗржирзНржЯрж╛рж░ржирзЗржЯ ржП ржлрзЗрж░ржд ржЖрж╕рж▓рзЗржЗ рзл ржЯрж╛ржХрж╛рзЯ 500MB Facebook! ржПржЗ ржЕржлрж╛рж░ржЯрж┐ рж╢рзБржзрзБ рждрж╛ржжрзЗрж░ ржЬржирзНржп ржкрзНрж░ржпрзЛржЬрзНржп ржпрж╛ржжрзЗрж░ рзирзм ржПржкрзНрж░рж┐рж▓ рзирзжрззрзн ржерзЗржХрзЗ GP ржЗржирзНржЯрж╛рж░ржирзЗржЯ ржмрзНржпржмрж╣рж╛рж░ ржХрж░рж╛ рж╣рзЯржирж┐ред https://goo.gl/r9hYoe тЦ╢ ржЧрзНрж░рж╛ржорзАржиржлрзЛржи рзиржЬрж┐ржмрж┐ рж░рж╛рждрзНрж░рж┐ржХрж╛рж▓рзАржи ржЗржирзНржЯрж╛рж░ржирзЗржЯ ржкрзНржпрж╛ржХ рзмрззржЯрж╛ржХрж╛рзЯ  https://goo.gl/VX8KNU,2017-09-03T15:57:07+0000,8,44,0,0,0,0
gp,1441710412573341_1442081149202934,Nurul Islam DuDu eita naki,2017-09-04T01:54:20+0000,3,0,0,0,0,0
gp,1441710412573341_1442083059202743,hmmm,2017-09-04T01:58:32+0000,0,0,0,0,0,0
gp,1441710412573341_1442083602536022,WRONG keyword  to buy Internet pack dial *121*3#,2017-09-04T01:59:48+0000,0,0,0,0,0,0
gp,1441710412573341_1442083709202678,Eita dekhay,2017-09-04T02:00:00+0000,0,0,0,0,0,0
gp,1441710412573341_1443828719028177,2 gb kmne nibo,2017-09-06T05:16:12+0000,0,0,0,0,0,0
gp,1441710412573341_1446530212091361,bondo sim er oper ki,2017-09-09T14:58:17+0000,0,0,0,0,0,0
gp,1441710412573341_1449784135099302,ржЖржорж╛рж░ рж╕рж┐ржо ржЯрж┐ ржмржирзНржз ржЫрж┐рж▓ ржПржЦржи ржЕржлрж╛рж░ ржЖржЫрзЗ рзлржЯрж╛ржХрж╛рзЯ рзлрзжрзж ржПржоржмрж┐ ржПржЗ ржЕржлрж╛рж░рзЗрж░ ржХрзЛрж░рзНржб ржХрждред,2017-09-13T16:34:24+0000,0,0,0,0,0,0
gp,1441710412573341_1449865885091127,ржЖржкржирж╛ржжрзЗрж░  ржлрзНрж░рж┐ рж╕рж╛рж░рзНржнрж╛рж░ ржЧрзБрж▓рзЛ ржХрж┐ ржХрж┐???,2017-09-13T18:13:23+0000,0,0,0,0,0,0
gp,1441710412573341_1451498141594568,gp 4g enable modem koba asba ?,2017-09-15T16:59:33+0000,0,0,0,0,0,0
gp,1441710412573341_1452739811470401,4GB net ami kinchi but 7din use koreci only 2.5GB ekhon ami jodi little pack data kinle amr baki data ki add hobe.  answer all,2017-09-17T04:35:32+0000,0,0,0,0,0,0
gp,1441710412573341_1455417171202665,Namber  4G  kina seta kibabe check korbo  karo jana thale janaben please,2017-09-20T11:32:47+0000,0,0,0,0,0,0
gp,121148644629531_1438994539511595,тЦ╢ржЧрзНрж░рж╛ржорзАржиржлрзЛржи ржИржж ржбрж╛ржЯрж╛ ржЕржлрж╛рж░ рзмржЬрж┐ржмрж┐ рзирззрзпржЯрж╛ржХрж╛ред рзкржЬрж┐ржмрж┐ рззрзнрзпржЯрж╛ржХрж╛ред рзйржЬрж┐ржмрж┐ рззрзлрзпржЯрж╛ржХрж╛ред рзиржЬрж┐ржмрж┐ рззрзирзпржЯрж╛ржХрж╛ред рзлрзжржПржоржмрж┐ рззрзйржЯрж╛ржХрж╛ https://goo.gl/4ymUF4  тЦ╢ ржЧрзНрж░рж╛ржорзАржгржлрзЛржи рзмржЬрж┐ржмрж┐ рзирззрзпржЯрж╛ржХрж╛ https://goo.gl/1uoGK5 тЦ╢ржЧрзНрж░рж╛ржорзАржгржлрзЛржи рзйржЬрж┐ржмрж┐ рззрзлрзпржЯрж╛ржХрж╛ https://goo.gl/sqwDYk тЦ╢ ржЧрзНрж░рж╛ржорзАржгржлрзЛржи рззржЬрж┐ржмрж┐ ржЗржирзНржЯрж╛рж░ржирзЗржЯ  рзпрзкржЯрж╛ржХрж╛ https://goo.gl/04nDn6  тЦ╢ ржЧрзНрж░рж╛ржорзАржгржлрзЛржи рзиржЬрж┐ржмрж┐ ржЗржирзНржЯрж╛рж░ржирзЗржЯ рззрзирзпржЯрж╛ржХрж╛рзЯ  http://goo.gl/RLN2Pn тЦ╢ржЧрзНрж░рж╛ржорзАржгржлрзЛржи рзкржЬрж┐ржмрж┐ рззрзнрзп ржЯрж╛ржХрж╛рзЯ (ржПрж╕ржбрж┐  ржнрзНржпрж╛ржЯ  ржПрж╕рж╕рж┐ ржЕржирзНрждрж░рзНржнрзБржХрзНржд) https://goo.gl/hFV0Fe тЦ╢ржЧрзНрж░рж╛ржорзАржгржлрзЛржи рзйрзз ржЯрж╛ржХрж╛рзЯ рзирзлрзжMB ржЗржирзНржЯрж╛рж░ржирзЗржЯ редhttps://goo.gl/g1mXU8  тЦ╢ ржПржЦржи Grameenphone ржЗржирзНржЯрж╛рж░ржирзЗржЯ ржП ржлрзЗрж░ржд ржЖрж╕рж▓рзЗржЗ рзл ржЯрж╛ржХрж╛рзЯ 500MB Facebook! ржПржЗ ржЕржлрж╛рж░ржЯрж┐ рж╢рзБржзрзБ рждрж╛ржжрзЗрж░ ржЬржирзНржп ржкрзНрж░ржпрзЛржЬрзНржп ржпрж╛ржжрзЗрж░ рзирзм ржПржкрзНрж░рж┐рж▓ рзирзжрззрзн ржерзЗржХрзЗ GP ржЗржирзНржЯрж╛рж░ржирзЗржЯ ржмрзНржпржмрж╣рж╛рж░ ржХрж░рж╛ рж╣рзЯржирж┐ред https://goo.gl/r9hYoe тЦ╢ ржЧрзНрж░рж╛ржорзАржиржлрзЛржи рзиржЬрж┐ржмрж┐ рж░рж╛рждрзНрж░рж┐ржХрж╛рж▓рзАржи ржЗржирзНржЯрж╛рж░ржирзЗржЯ ржкрзНржпрж╛ржХ рзмрззржЯрж╛ржХрж╛рзЯ  https://goo.gl/VX8KNU,2017-08-31T13:03:32+0000,9,61,0,0,0,0
gp,1438994539511595_1439019092842473,ржЧрзНрж░рж╛ржорзАржиржлрзЛржирзЗрж░ ржмржирзНржз рж╕рж┐ржорзЗ ржХрзЛржи ржЕржлрж╛рж░ ржЖржЫрзЗ ржХрж┐? ржкрзНрж▓рзАржЬ,2017-08-31T13:39:11+0000,0,0,0,0,0,0
gp,1438994539511595_1439027086175007,meyad bara ni jabe ki,2017-08-31T13:52:24+0000,0,1,0,0,0,0
gp,1438994539511595_1439710822773300,3gb ki 24 gonta use kora jabe?,2017-09-01T08:20:46+0000,0,0,0,0,0,0
gp,1438994539511595_1441649632579419,GP'r business policy onnorokom  Flexiplan er madhome data date /maide extend er offer dewa hoke,2017-09-03T14:40:40+0000,0,0,0,0,0,0
gp,1438994539511595_1447958188615230,61taka deya 2gb kebabay kenbo,2017-09-11T10:24:04+0000,0,0,0,0,0,0
gp,1438994539511595_1447959435281772,61taka deya 2gb kebabay kenbo,2017-09-11T10:25:31+0000,0,0,0,0,0,0
gp,1438994539511595_1447959518615097,61taka deya 2gb kebabay kenbo,2017-09-11T10:25:37+0000,0,0,0,0,0,0
gp,1438994539511595_1449534251790957,Meyad 30 din korte hobe,2017-09-13T10:46:10+0000,0,0,0,0,0,0
