operator,post_id,message,created_time,comments,likes,love,haha,sad,angry
robi,681794701899631_1632074143538344,ржЖржЬржХрзЗрж░ ржПржкрж┐рж╕рзЛржбрзЗ ржЬрзЗржирзЗ ржирж┐ржи ржХрж┐ржнрж╛ржмрзЗ ржЖржкржирж╛рж░ рж╣рзНржпрж╛ржирзНржбрж╕рзЗржЯрзЗ 4G ржХрж╛ржирзЗржХрзНржЯ ржХрж░ржмрзЗржиред ржЖржкржирж┐ 4G рж░рзЗржбрж┐ ржХрж┐ржирж╛ ржЪрзЗржХ ржХрж░рждрзЗ ржбрж╛ржпрж╝рж╛рж▓ ржХрж░рзБржи *рззрзирзй*рзкрзк#  4G ржПрж░ A-Z ржЬрж╛ржирждрзЗ ржерж╛ржХрзБржи рж░ржмрж┐рж░ рж╕рж╛ржерзЗржЗ... https://www.robi.com.bd/4.5g?utm_source=facebook&utm_medium=AdParlor&utm_campaign=Robi_FBYTSearchGDN_4GThematicLaunchPhase1_Feb2018,2018-02-28T14:27:20+0000,7,36,0,0,0,0
robi,1632074143538344_1633399816739110,vie mb to disse but chole na to,2018-03-01T17:05:39+0000,2,0,0,0,0,0
robi,1632074143538344_1635215663224192,ржнрж╛ржЗ ржЕржмрж╕рзНржерж╛ ржЦрзБржм рж╢рзЛржЪржирж┐рзЯ ржХрзЛржорзНржкрж╛ржирж┐ ржнрж╛ржУрждрж╛ ржорж╛рж░ржЫрзЗ ржнрж╛ржЗ ржЖржорж╛рж░рзЗржУ ржжрж┐ржЫрзЗ ржХрж┐ржирзНрждрзБ ржЪрж▓рзЗ ржирж╛,2018-03-03T07:56:08+0000,0,0,0,0,0,0
robi,1632074143538344_1636665749745850,ржЖржорж╛рж░рзЗржУ ржжрж┐ржЫрзЗ ржХрж┐ржирзНрждрзБ ржЪрж▓рзЗ ржирж╛,2018-03-04T15:05:49+0000,0,0,0,0,0,0
robi,1632074143538344_1634372413308517,ржмрж╛ржВрж▓рж╛ржжрзЗрж╢рзЗ ржЖрж╕ржЫрзЗ 4 G ржХрж┐ржирзНржд рж░ржмрж┐ 4.5 G ржХрзЛржерж╛рзЯ ржкрзЗрж▓.?,2018-03-02T13:58:11+0000,0,0,0,0,0,0
robi,1632074143538344_1632691186809973,ржЖржорж╛рж░ рж╕рж┐ржоржЯрж┐ 4.5g ржХрзЛрж░рждрзЗ ржЪрж╛ржЗред ржЖржорж╛ржХрзЗ ржХрж┐ ржХрж┐ ржмрж┐рж╖рзЯ ржЕржмрж▓ржорзНржмржи ржХрж░рждрзЗ рж╣ржмрзЗ,2018-03-01T04:04:56+0000,0,0,0,0,0,0
robi,1632074143538344_1634308523314906,robi sim er birodde mamla kora ucit,2018-03-02T12:56:16+0000,0,0,0,0,0,0
robi,1632074143538344_1634308163314942,batpari sim,2018-03-02T12:55:51+0000,0,0,0,0,0,0
robi,1632074143538344_1636794553066303,2G ржкрж╛ржЗржирж╛ ржЖржмрж╛рж░  4.5G,2018-03-04T17:45:07+0000,0,0,0,0,0,0
robi,1632074143538344_1632111653534593,kkk,2018-02-28T15:03:22+0000,0,0,0,0,0,0
robi,681794701899631_1626589184086840,рзмрзк ржЬрзЗрж▓рж╛ржЬрзБрзЬрзЗ 4.5G ржирзЗржЯржУрзЯрж╛рж░рзНржХрзЗ рж░ржмрж┐ ржжрж┐ржЪрзНржЫрзЗ ржкрзНрж░рждрж┐ржжрж┐ржи ржлрзНрж░рж┐ рзз ржЬрж┐ржмрж┐ ржЗржирзНржЯрж╛рж░ржирзЗржЯ ржкрж░ ржкрж░ рзк ржжрж┐ржиред ржЕржлрж╛рж░ржЯрж┐ ржирж┐рждрзЗ ржбрж╛ржпрж╝рж╛рж▓ ржХрж░рзБржи *рззрзирзй*рзкрзк#  ржПржЦржи ржпрзЗржХрзЛржирзЛ ржХрж┐ржЫрзБ рж╢рзЗржЦрж╛ рж╣ржмрзЗ ржЖрж░рзЛ рж╕рж╣ржЬ!,2018-02-23T13:42:59+0000,43,63,0,1,0,1
robi,1626589184086840_1635448366534255,Congratulations! You received 1GB 4G Welcome Bonus valid for next 24hours. You can activate this pack only once. To check internet balance dial *123*3*5#. mb use hoitaca na kno,2018-03-03T13:13:45+0000,0,0,0,0,0,0
robi,1626589184086840_1634247019987723,ржЖржорж╛рж░ ржорзЛржмрж╛ржЗрж▓ рж╣рзНржпрж╛ржирзНржбрж╕рзЗржЯрзЗ 4G/3G/2G ржПржмржВ LTE/WCDMA/GSM ржЕржлрж╢ржи ржЖржЫрзЗ рж╕рж┐ржоржУ 4G  рждрж╛рж╣рж▓рзЗ ржХрж┐ ржПржЗ рж╣рзНржпрж╛ржирзНржбрж╕рзЗржЯ ржлрзЛрж░ржЬрж┐ рж╕рж╛ржкрзЛрж░рзНржЯ ржХрж░ржмрзЗ ржмрж╛ ржлрзЛрж░ржЬрж┐ ржПржЗ рж╣рзЗржирзНржбрж╕рзЗржЯ ржжрж┐рзЯрзЗ ржЪрж▓ржмрзЗ?? ржЕржлрж╢ржирзЗрж░ рж╕рзНржХрж┐ржирж╢ржЯ ржжрж┐рж▓рж╛ржоредржХрзЗржЙ ржЬрж╛ржирж▓рзЗ ржЬрж╛ржирж╛ржмрзЗржи ржкрзНрж▓рж┐ржЬред,2018-03-02T11:37:06+0000,0,1,0,0,0,0
robi,1626589184086840_1634619239950501,ржЖржкржирж╛ржжрзЗрж░ рзк.рзл ржЬрж┐рж░ ржЪрзЗрзЯрзЗ ржЯрзЗрж▓рж┐ржЯржХ рзйржЬрж┐ ржЕржирзЗржХ ржнрж╛рж▓ рж╕рж╛рж░рзНржнрж┐рж╕ ржжрзЗрзЯ ржЕрзНржпрж╛ржирзНржб ржжрж╛ржо ржУ ржХржо :)  ржЖржкржирж╛ржжрзЗрж░ рж░рж┐ржкрзНрж▓рж╛ржЗ рж╣ржмрзЗ ржЖржкржирж┐ ржХрзЛржи ржПрж░рж┐рзЯрж╛ ржерж╛ржХрзЗржи :p рждрж╛ржЗ ржЙрждрзНрждрж░ ржЯрж╛ ржжрж┐рзЯрзЗржЗ ржжрж┐ржЗ ржПржЦрж╛ржирзЗржЗ :p ржЖржкржирж╛ржжрзЗрж░ ржорзЗржЗржи ржЯрж╛ржУрзЯрж╛рж░ ржмрж╛ ржорзЗржЗржи рж╕рзБржЗржЪ ржерзЗржХрзЗ рзмрзжрзж ржорж┐ржЯрж╛рж░ ржжрзБрж░рзЗржЗ ржЖржорж╛рж░ ржмрж╛рж╕рж╛ :p рж▓рзБрж▓ ржорж╛рж░рзНржХрж╛ ржирзЗржЯржУрзЯрж╛рж░рзНржХ ржП ржЖржмрж╛рж░ рзк.рзл :p ржЖржЧрзЗ рзи ржЬрж┐ рж╕рж╛рж░рзНржнрж┐рж╕ ржжрж┐ржи ржарж┐ржХ ржоржд :p,2018-03-02T18:34:21+0000,2,1,0,0,0,0
robi,1626589184086840_1634622373283521,ржЖржорж┐ ржХрж┐ржЫрзБржХрзНрж╖ржи ржЖржЧрзЗ ржПржХржЯрж╛ ржХржорзЗржирзНржЯ ржХрж░ржЫрж┐рж▓рж╛ржоредредредредредред ржлрж▓рж╛ржлрж▓:  ржорзЛрж░ ржХржорзЗржирзНржЯ ржЦрж╛ржирж╛ рж╕рзНржкрзНржпрж╛ржо ржХржЗрж░рж╛ ржжрж┐ржЫрзЗ рж░ржмрж┐ред ржлрзБржбрзБ ржжрж┐рж▓рж╛ржо ржПржХржЦрж╛ржирж╛ред ржжрзЗржЗржЦрзЗржи,2018-03-02T18:38:02+0000,0,0,0,0,0,0
robi,1626589184086840_1634624033283355,ржжрж┐ржХ :p рж▓рзБрж▓ ржорж╛рж░рзНржХрж╛ ржжрзБржЗржЯрж╛ рж╕рж┐ржо ржХрж┐ржирзЗржЫрж┐рж▓рж╛ржо рж╕ржЦ ржХрж░рзЗ ржПржЦржи ржжрзБржЗржЯрж╛ржЗ ржЦрзЛрж▓рзЗ рж░рзЗржЦрзЗ ржЯрзЗрж▓рж┐ржЯрж▓ ржирж┐ржЫрж┐ :),2018-03-02T18:39:53+0000,0,1,0,0,0,0
robi,1626589184086840_1629842863761472,iPhone 7pluse ржХрж┐ржнрж╛ржмрзЗ 4g ржХрж░рж╛ ржпрж╛рзЯ ржЖржорж╛рж░ рж╕рж┐ржоржЯрж┐ 4g ржЖржЫрзЗ ржХрж┐ржирзНрждрзЛ iphon рж╣ржЪрзНржЫрзЗржирж╛,2018-02-26T12:26:33+0000,0,0,0,0,0,0
robi,1626589184086840_1634593376619754,ржЪрж╛ржБржкрж╛ржЗржиржмрж╛ржмржЧржЮрзНржЬ ржХрж┐ рзмрзк ржЬрзЗрж▓рзЗрж░ ржоржзрзНржпрзЗ ржЧржиржирж╛ ржХрж░рж╛ рж╣рзЯ ржирж╛ржХрж┐ ржПрж░ ржмрж╛ржЗрж░рзЗ? ржЕржХржкржЯрзЗ ржмрж▓ржЫрзЗржи рзмрзк ржЯрж┐ ржЬрзЗрж▓рж╛ рзк ржЬрж┐ ржХржнрж╛рж░рзЗржЬрзЗрж░ ржЖржУрждрж╛рзЯ ржХрж┐ржирзНрждрзБ ржпржЦржи рждрж╛рж▓рж┐ржХрж╛ ржжрзЗржЦржЫрж┐ ржЖржкржирж╛ржжрзЗрж░ ржУрзЯрзЗржмрж╕рж╛ржЗржЯрзЗ рждржЦржи ржЪрж╛ржБржкрж╛ржЗржиржмрж╛ржмржЧржЮрзНржЬ ржирзЗржЗред рждржмрзЗ ржирж╛ржЯрж░ ржПрж░ ржкрж░рзЗ ржиржмрж╛ржмржЧржЮрзНржЬ рж▓рж┐ржЦрж╛ ржжрзЗржЦрзЗ ржЖржмрзЗржЧрж╛ржкрзНрж▓рзБржд рж╣ржЗрзЯрж╛ ржнрж╛ржмрж▓рж╛ржо ржпрзЗ ржоржирзЗ рж╣рзЯ ржЗрж╣рж╛ржЗ ржЪрж╛ржБржкрж╛ржЗржиржмрж╛ржмржЧржЮрзНржЬ!!!!!!! ржХрж┐ржирзНрждрзБ рж╕рзЗржЗ ржЖржмрзЗржЧрзЗ ржкрзБрж░рзЛ рзз ржЧрзНрж▓рж╛рж╕ ржЭрж╛ржБржЭрж╛рж▓рзЛ ржмрзЛрж░рж╣рж╛ржирж┐ ржврзЗрж▓рзЗ ржжрж┐рж▓рзЛ ржПржХржЬржи рж░ржмрж┐ ржЕржирж▓рж╛ржЗржи ржХрж╛рж╕рзНржЯржорж╛рж░ ржХрзЗрзЯрж╛рж░ ржПржХрзНрж╕рж┐ржХрж┐ржЙржЯрж┐ржнред рждрж┐ржирж┐ ржмрж▓рж▓рзЛ ржпрзЗ ржР ржиржмрж╛ржмржЧржЮрзНржЬ ржирж╛ржХрж┐ ржврж╛ржХрж╛рж░ ржиржмрж╛ржмржЧржЮрзНржЬред рждрж╛рж╣рж▓рзЗ ржПржЦржи ржмрж▓рзБржи ржХрзЛржи рж▓ржЬрзНржЬрж╛рзЯ ржирж╛ржХрж┐ ржирж┐рж░рзНрж▓ржЬрзНржЬржнрж╛ржмрзЗ ржмрж▓ржЫрзЗржи рзмрзк ржЯрж┐ ржЬрзЗрж▓рж╛рзЯ ржЖржкржирж╛ржжрзЗрж░ ржХржнрж╛рж░рзЗржЬрзЗрж░ ржЖржУрждрж╛рзЯред ржжрзЯрж╛ ржХржЗрж░рж╛ ржПржХржЦрж╛ржирж╛ рж░рж┐ржкрзНрж▓рж╛ржЗ ржжрж┐рзЯрзЗржи?????,2018-03-02T18:07:09+0000,0,0,0,0,0,0
robi,1626589184086840_1630670090345416,ржмрж╛ржВрж▓рж╛ржжрзЗрж╢рзЗ ржлрзЛржи ржХрж░рж▓рзЗ  ржХрж▓ ржЬрж╛рзЯржирж╛ ржХрж╛ржЯрж┐ ржЬрж╛рзЯ ржкрзЯрж╕рж╛ ржХрж╛ржЯрж┐ ржкрзЗрж▓рзЗ ржП ржХрзЯрзЗржХржжрж┐ржи ржУржирзЗржХ рж╕ржорж╕рзНржпрж╛тАЩржХрж░рзЗрж░ ржПржЦрж╛ржирзЗ ржХрж▓ рж╕рзЗржирзНржЯрж╛рж░ ржП ржлрзЛржи ржХрж░рж▓рж╛ржо рждрж╛рж░рж╛ ржмрж▓рждрзЗржЫрзЗ ржПржЦрж╛ржирзЗ ржХрзЛржи рж╕ржорж╕рзНржпрж╛ ржирж╛ржЗтАЩ ржмрж╛ржВрж▓рж╛ржжрзЗрж╢рзЗ рж╕ржорж╕рзНржпрж╛ тАШ,2018-02-27T08:41:56+0000,0,0,0,0,0,0
robi,1626589184086840_1627753683970390,Bangladeshe nilam holo 4g  aponara AD diccen 4.5g kivabe sombob janaben.......???,2018-02-24T15:11:59+0000,1,0,0,0,0,0
robi,1626589184086840_1632669503478808,Gaja khor Company   Robi... Ora All time matal thake...,2018-03-01T03:36:00+0000,0,0,0,0,0,0
robi,1626589184086840_1627499623995796,ржнрж╛ржЗ ржЖржорж┐ ржбрж╛ржЯрж╛ ржмрзЗржмрзНржпрж╣рж╛рж░ ржХрж░рзЗ ржлрзЗрж╕ржмрзБржХ ржЪрж╛рж▓рж╛рждрзЗ ржЪрж╛рзЯ ржЖржорж┐ ржлрзЗрж╕ржмрзБржХ ржП ржбрзБржХрж▓рзЗ ржЙржкрж░рзЗ ржжрзЗржЦрж┐ Facebook ржмрж┐ржирж╛ржорзВрж▓рзНржпрзЗрж░ рж╣рзЯ ржПржЗ рж▓рж┐ржЦрж╛ржЯрж┐ ржжрзЗржЦрж╛рзЯ рж╕рзЗржЯрж╛ ржХрж┐ржнрж╛ржмрзЗ ржмржирзНржз ржХрж░ржм,2018-02-24T10:08:29+0000,0,0,0,0,0,0
robi,1626589184086840_1636256479786777,Congratulations! You received 1GB 4G Welcome Bonus valid for next 24hours. You can activate this pack only once. To check internet balance dial *123*3*5#. mb use kora jasse na kno,2018-03-04T06:21:27+0000,0,0,0,0,0,0
robi,1626589184086840_1630803820332043,Robi mb recharge korle sathe sathe ses hoye Jay amr. Kew plm ta solve korar jnno kichu bolte parben,2018-02-27T12:15:20+0000,0,0,0,0,0,0
robi,1626589184086840_1634247373321021,ржЖржорж╛рж░ ржорзЛржмрж╛ржЗрж▓ рж╣рзНржпрж╛ржирзНржбрж╕рзЗржЯрзЗ 4G/3G/2G ржПржмржВ LTE/WCDMA/GSM ржЕржлрж╢ржи ржЖржЫрзЗ рж╕рж┐ржоржУ 4G  рждрж╛рж╣рж▓рзЗ ржХрж┐ ржПржЗ рж╣рзНржпрж╛ржирзНржбрж╕рзЗржЯ ржлрзЛрж░ржЬрж┐ рж╕рж╛ржкрзЛрж░рзНржЯ ржХрж░ржмрзЗ ржмрж╛ ржлрзЛрж░ржЬрж┐ ржПржЗ рж╣рзЗржирзНржбрж╕рзЗржЯ ржжрж┐рзЯрзЗ ржЪрж▓ржмрзЗ?? ржЕржлрж╢ржирзЗрж░ рж╕рзНржХрж┐ржирж╢ржЯ ржжрж┐рж▓рж╛ржоредржХрзЗржЙ ржЬрж╛ржирж▓рзЗ ржЬрж╛ржирж╛ржмрзЗржи ржкрзНрж▓рж┐ржЬред,2018-03-02T11:37:32+0000,0,1,0,0,0,0
robi,1626589184086840_1628181600594265,рж╕рж╛рж░ ржЖржорж┐ ржЖржЬржХрзЗ рж░ржмрж┐ рж╕рж┐ржо ржХрж┐ржирж▓рж╛ржо ржХрж┐ржирзНрждрзБ ржЯрж╛ржХрж╛ржУ ржЖрж╕рж┐ржирж┐ ржПржмржВ md ржУ ржЖрж╕рж┐ржирж┐ ржХрж┐ ржмрзНржпрж╛ржкрж╛рж░ рж╕рж╛рж░ ржХрж┐ржЫрзБ ржбрж╛рзЯрж╛рж▓ ржХрж░рждрзЗ рж╣ржмрзЗ ржирж╛ржХрж┐ рж╕рж╛рж░ ржПржЯрзНржЯ рждрж╛рзЬрж╛ рждрж╛рзЬрж┐ ржмрж▓рзЗржи рж╕рж╛рж░,2018-02-24T23:55:23+0000,0,1,0,0,0,0
robi,1626589184086840_1629768443768914,,2018-02-26T10:42:28+0000,0,1,0,0,0,0
robi,1626589184086840_1630043103741448,рж░ржмрж┐ рж╕рж┐ржо ржПржХ ржирж╛ржорзНржмрж╛рж░ ржлрж╛рж▓рждрзБ ржмрзЗржЗржорж╛ржи,2018-02-26T16:23:15+0000,1,1,0,0,0,0
robi,1626589184086840_1632671243478634,Right... Kuttar bacchara thik vabe 2G ei dite pare na  Abr 4G maraise... Akhon aktu Fb chalanor speed o pay na..,2018-03-01T03:39:08+0000,0,0,0,0,0,0
robi,1626589184086840_1628661613879597,"how funny ""рж╕рж╛рж░рзЗ ржЪрж╛рж░ ржЬрзЗржирж╛рж░рзЗрж╢ржи "" рж╕рж╛рж░рж╛ ржкрзГржерж┐ржмрзАрждрзЗ ржПржХржорж╛рждрзНрж░ ржмрж╛ржВрж▓рж╛ржжрзЗрж╢рзЗ ржЗ рж╕ржорзНржнржм",2018-02-25T09:17:00+0000,1,1,0,0,0,0
robi,1626589184086840_1632672116811880,ha ha ha.. Ta o abr sudhu Robi tei somvob...  Jader thik vabe 2G r speed nei  tara 4.5 G ditese..,2018-03-01T03:40:25+0000,0,0,0,0,0,0
robi,1626589184086840_1631072850305140,Robi...sim..4G ki kore korbo...plz blbn,2018-02-27T17:29:26+0000,0,0,0,0,0,0
robi,1626589184086840_1626648114080947,amar sim ta 4g kina...ba 4g na thakle 4g korbo kivabe...?,2018-02-23T14:52:55+0000,0,0,0,0,0,0
robi,1626589184086840_1630108630401562,ржЧрзНрж░рж╛ржорзЗ ржирзЗржЯржУрзЯрж╛рж░рзНржХрж┐ржВ ржмрзНржпржмрж╕рзНржерж╛ ржЦрзБржмрж┐ ржЦрж╛рж░ржк рзиржЬрж┐ ржкрж╛ржЗрждрзЗ ржУ ржХрж╖рзНржЯ рж╣рзЯредред,2018-02-26T17:47:53+0000,0,0,0,0,0,0
robi,1626589184086840_1630888406990251,ржРржорж┐рзЯрж╛ рждрж╛рж╣рж▓рзЗ ржЖржорж╛ржХрзЗ ржжрж┐рж▓рзЗржи ржирж╛ ржХрзЗржирзЛ ,2018-02-27T13:58:28+0000,0,0,0,0,0,0
robi,1626589184086840_1628298340582591,ржПржЗ md ржорж╛ржирзЗ ржХрж┐редржПржЗржЯрж╛ ржЗржЙржЪ ржХрж░рж╛ ржЬрж╛ржЪрзНржЫрзЗржирж╛,2018-02-25T02:56:26+0000,0,0,0,0,0,0
robi,1626589184086840_1631826470229778,ржнрж╛ржЗ ржХрж┐ ржнрж╛ржмрзЗ 4gp  ржкрж╛ржмрзЛ ржкрж┐ржЬ     ???????,2018-02-28T08:41:57+0000,0,0,0,0,0,0
robi,1626589184086840_1636668776412214,ржЪрж▓рзЗ ржирж╛ 4g net,2018-03-04T15:08:37+0000,0,0,0,0,0,0
robi,1626589184086840_1628695657209526,robi te 9 tkai 1gb kinte hoi ki vabe,2018-02-25T10:08:28+0000,0,0,0,0,0,0
robi,1626589184086840_1631432106935881,ami  1 gb kinci free te kinto oi mb goli kno wab a katena,2018-02-28T01:26:48+0000,0,0,0,0,0,0
robi,1626589184086840_1634924093253349,Bondo sim a ki offar,2018-03-03T00:49:38+0000,0,0,0,0,0,0
robi,1626589184086840_1629092290503196,agya 3G valo kore den.. pore 4G ar kotha vabben,2018-02-25T18:01:22+0000,0,0,0,0,0,0
robi,1626589184086840_1629066083839150,Amar sim 4G Mobile 4G taw kan 4G paina bolen,2018-02-25T17:30:24+0000,0,0,0,0,0,0
robi,1626589184086840_1629033543842404,robi sim kinase jno net vlo pai kinto net akdom blo pacce na,2018-02-25T16:49:17+0000,0,0,0,0,0,0
robi,1626589184086840_1630474407031651,ржлрзБрж░ржЬрж┐ ржХрж┐ржнрж╛ржмрзЗ ржЪрж╛рж▓рж╛ржм,2018-02-27T02:39:39+0000,0,0,0,0,0,0
robi,1626589184086840_1630264463719312,IMO$0532054484S0536479712,2018-02-26T21:08:41+0000,0,0,0,0,0,0
robi,1626589184086840_1630265060385919,,2018-02-26T21:09:31+0000,0,0,0,0,0,0
robi,1626589184086840_1630264940385931,,2018-02-26T21:09:21+0000,0,0,0,0,0,0
robi,1626589184086840_1630264830385942,,2018-02-26T21:09:14+0000,0,0,0,0,0,0
robi,1626589184086840_1630263427052749,IMO,2018-02-26T21:07:35+0000,0,0,0,0,0,0
robi,1626589184086840_1629057487173343,robi 4g bonuse рззржЬрж┐ржмрж┐ ржЖрж╕рж╛рж░ ржкрж░ рждрж╛ ржмрж╛ржмрзНрж░рж┐ржд рж╣ржЪрзНржЫрзЗ ржирж╛ ржХрзЗржирзЛ,2018-02-25T17:19:49+0000,0,0,0,0,0,0
robi,1626589184086840_1627886900623735,https://www.facebook.com/manik.kocey/posts/1614652195291382,2018-02-24T17:45:10+0000,0,0,0,0,0,0
robi,1626589184086840_1628924633853295,https://www.facebook.com/cplustv/videos/1445100572283116/,2018-02-25T14:58:29+0000,0,0,0,0,0,0
robi,1626589184086840_1631885373557221,https://www.facebook.com/cplustv/videos/1445100572283116/,2018-02-28T10:16:01+0000,0,0,0,0,0,0
robi,681794701899631_1626512264094532,ржжрзЗрж╢рзЗрж░ рзз ржиржорзНржмрж░ 4.5G ржирзЗржЯржУрзЯрж╛рж░рзНржХ ржерж╛ржХрж▓рзЗ ржжрзЗрж╢рзЗрж░ ржпрзЗржХрзЛржи ржкрзНрж░рж╛ржирзНржд ржерзЗржХрзЗ рж╢рж┐ржЦрж╛ ржУ ржЬрж╛ржирж╛ рж╣ржмрзЗ ржЖрж░рзЛ рж╕рж╣ржЬ!  рзмрзк ржЬрзЗрж▓рж╛ржЬрзБрзЬрзЗ 4.5G ржирзЗржЯржУрзЯрж╛рж░рзНржХрзЗ рж░ржмрж┐ ржжрж┐ржЪрзНржЫрзЗ ржкрзНрж░рждрж┐ржжрж┐ржи ржлрзНрж░рж┐ рзз ржЬрж┐ржмрж┐ ржЗржирзНржЯрж╛рж░ржирзЗржЯ ржкрж░ ржкрж░ рзк ржжрж┐ржиред ржЕржлрж╛рж░ржЯрж┐ ржирж┐рждрзЗ ржбрж╛ржпрж╝рж╛рж▓ ржХрж░рзБржи *рззрзирзй*рзкрзк#  ржмрж┐рж╕рзНрждрж╛рж░рж┐ржд ржЬрж╛ржирждрзЗ ржнрж┐ржЬрж┐ржЯржГ www.robi.com.bd/4.5g,2018-02-23T12:10:40+0000,16,74,1,0,0,1
robi,1626512264094532_1627346340677791,MD.Fakhrul Ahsan.Demra.Dhaka.01822560182,2018-02-24T06:18:14+0000,0,1,0,1,0,0
robi,1626512264094532_1628388093906949,,2018-02-25T04:38:33+0000,0,0,0,1,0,0
robi,1626512264094532_1627721923973566,,2018-02-24T14:34:31+0000,0,1,0,0,0,0
robi,1626512264094532_1626541567424935,ржмржЧрзБрзЬрж╛рждрзЗ рждрзЛ рж░ржмрж┐2g ржЪрж▓рзЗ ржирж╛ ржЖржмрж╛рж░4g,2018-02-23T12:46:44+0000,2,1,0,0,0,0
robi,1626512264094532_1626688007410291,foinne area te emn oi kisso korar nai sojjo kore thakte hobe....,2018-02-23T15:43:56+0000,0,0,0,0,0,0
robi,1626512264094532_1632601640152261,Robi eksathe 64 zilla e 4G sheba chalu koreche  ektu opekkha korun aro valo kore desher shob cheye boro 4G network er subidha experience korar jonno.,2018-03-01T02:03:13+0000,0,0,0,0,0,0
robi,1626512264094532_1626770550735370,ржмрж╛рж▓ ржЬрж┐,2018-02-23T17:27:25+0000,0,1,0,0,0,0
robi,1626512264094532_1627174220695003,2g oi to pai na abr 4G faizlami kom koren,2018-02-24T02:28:42+0000,1,0,0,0,0,0
robi,1626512264094532_1632602960152129,Desher shob cheye boro 4G network niye Robi prostut. Samne aro valo subidha experience korte parben.,2018-03-01T02:04:57+0000,0,0,0,0,0,0
robi,1626512264094532_1627672827311809,рж░ржмрж┐ржЙрж▓ ржорзЛржмрж╛ржЗрж▓ ржХржорзНржкрж╛ржирж┐,2018-02-24T13:45:20+0000,0,0,0,0,0,0
robi,1626512264094532_1626686910743734,vai  free ta use korbo kivabe????? kono condition ase?,2018-02-23T15:42:52+0000,0,0,0,0,0,0
robi,1626512264094532_1629086227170469,agya 3G valo kore den.. pore 4G ar kotha vabben,2018-02-25T17:56:24+0000,0,0,0,0,0,0
robi,1626512264094532_1627127840699641,ржЬрзЗрж▓рж╛рзЯ ржжрж┐рзЯрзЗржЗ рж▓рж╛ржлрж╛ржЗрждрж╛ржЫрзЗ   ржерж╛ржирж╛рзЯ ржжрж┐рж▓рзЗ ржирж╛ ржЬрж╛ржирж┐ ржХрж┐ ржХрж░рждрзЗржиред,2018-02-24T01:25:25+0000,0,0,0,0,0,0
robi,1626512264094532_1627282877350804,ржирждрзБржи ржХрж░рзЗ ржкрж╛ржмрж▓рж┐ржХ ржПрж░ ржЯрж╛ржХрж╛ ржЦрж╛ржУрзЯрж╛рж░ ржзрж╛ржирзНржжрж╛,2018-02-24T04:51:51+0000,0,0,0,0,0,0
robi,1626512264094532_1629771157101976,,2018-02-26T10:46:23+0000,0,0,0,0,0,0
robi,1626512264094532_1630004497078642,imo free pack  kindly  bolen,2018-02-26T15:34:12+0000,1,0,0,0,0,0
robi,1626512264094532_1632605356818556,Sighroi bibhinno social pack niye ashche Robi. Bortomane shokol 3G internet pack e 4G network e bebohar kora jacche. Robir sathe thakar jonno dhonnobad.,2018-03-01T02:07:18+0000,0,0,0,0,0,0
robi,1626512264094532_1628924723853286,https://www.facebook.com/cplustv/videos/1445100572283116/,2018-02-25T14:58:34+0000,0,0,0,0,0,0
robi,681794701899631_1624015417677550,рж╕ржмржЪрзЗржпрж╝рзЗ ржмрж┐рж╕рзНрждрзГржд рж░ржмрж┐ 4.5G ржирзЗржЯржУржпрж╝рж╛рж░рзНржХ ржкрзМржБржЫрзЗ ржЧрзЗржЫрзЗ ржжрзЗрж╢рзЗрж░ рзмрзк ржЬрзЗрж▓рж╛ржпрж╝!  ржПржмрж╛рж░ ржжрзЗрж╢рзЗрж░ ржкрзНрж░рждрж┐ ржЗржЮрзНржЪрж┐ рж╣ржмрзЗ ржбрж┐ржЬрж┐ржЯрж╛рж▓ред ржмрж┐рж╕рзНрждрж╛рж░рж┐ржд ржЬрж╛ржирждрзЗ ржнрж┐ржЬрж┐ржЯржГ www.robi.com.bd/4.5g,2018-02-21T09:46:06+0000,15,38,1,2,0,1
robi,1624015417677550_1624169130995512,ржЖржорж┐ ржЧржд рззрзн/рзи/рзирзжрззрзо рждрж╛рж░рж┐ржЦрзЗ ржжрзБржкрзБрж░ рззржЯрж╛рзЯ ржЖржорж╛рж░ ржкрзЛрж╕рзНржЯржкрзЗржЗржб рж╕рж┐ржо 3g ржерзЗржХрзЗ 4g рждрзЗ рж░рзЗржкрзНрж▓рзЗрж╕ ржХрж░рж┐ред ржЙрж▓рзНрж▓рзЗржЦрзНржп 4G рждрзЗ рж░рзЗржкрзНрж▓рзЗрж╕ ржХрж░рж╛рж░ ржЖржЧрзЗ ржЖржорж┐ ржЖржкржирж╛ржжрзЗрж░ ржХрж▓рж╕рзЗржирзНржЯрж╛рж░ ржХрж╛рж╕рзНржЯржорж╛рж░ ржХрзЗрзЯрж╛рж░ ржирж┐ржЙржЬ ржП ржЬрж╛ржирждрзЗ ржкрж╛рж░рж┐ ржпрзЗ ржЖржкржирж╛рж░рж╛ рзкржЬрж┐ рждрзЗ рж░рзЗржкрзНрж▓рзЗрж╕ ржХрж░рж▓рзЗ рзи ржЬрж┐ржмрж┐ ржбрж╛ржЯрж╛ ржлрзНрж░рж┐ ржжрж┐ржмрзЗржи рзнрзи ржШржгрзНржЯрж╛рж░ ржнрж┐рждрж░ред ржХрж┐ржирзНрждрзБ рзнрзи ржШржгрзНржЯрж╛ ржкрж╛рж░ рж╣рзЯрзЗ ржпрж╛ржмрж╛рж░ ржкрж░ ржЖржорж┐ ржЖржкржирж╛ржжрзЗрж░ ржХрж▓рж╕рзЗржирзНржЯрж╛рж░ ржХрж▓ ржХрж░рж▓рзЗ ржкрзНрж░ржержорзЗ ржмрж▓рзЗ ржПржЗ ржЕржлрж╛рж░ рж╢рзБржзрзБржорж╛рждрзНрж░ ржкрзНрж░рж┐ржкрзЗржб ржЗржЙржЬрж╛рж░ ржжрзЗрж░ ржЬржирзНржп ржХрж┐ржирзНрждрзБ ржЙржирж╛ржХрзЗ ржпржЦржи ржмрж▓рж┐ ржпрзЗ ржЖржорж┐ рж╕ржм ржЬрзЗржирзЗ 4G  рждрзЗ рж░рзЗржкрзНрж▓рзЗрж╕ ржХрж░ржЫрж┐ рждржЦржи рж╕рзЗ ржПржХржЯрж╛ ржХржоржкрзНрж▓рзЗржЗржи ржирзЗрзЯред ржХрж┐ржирзНрждрзБ ржЖржЬржХрзЗ ржпржЦржи ржЖржкржбрзЗржЯ ржЬрж╛ржирждрзЗ ржЪрж╛ржЗ рждржЦржи ржмрж▓рзЗ ржПржЗ ржЕржлрж╛рж░ ржирж╛ржХрж┐ рззрзз рждрж╛рж░рж┐ржЦрзЗ рж╢рзЗрж╖ рж╣рзЯрзЗ ржЧрзЗржЫрзЗред  ржПржЦржи ржЖржорж╛рж░ ржкрзНрж░рж╢рзНржи рж╣рж▓  рждрж╛рж╣рж▓рзЗ ржХрж┐ ржПрждржжрж┐ржи ржорж┐ржерзНржпрж╛ ржмрж▓рзЗржЫрзЗржи  ржПржЯрж╛ ржд ржЖржорж╛ржжрзЗрж░ ржЗржЙржЬрж╛рж░ ржжрзЗрж░ рж╕рж╛ржерзЗ ржкрзНрж░рждрж╛рж░ржгрж╛ ржЫрж╛рзЬрж╛ ржЖрж░ ржХрж┐ржЫрзБржЗ ржирж╛ред ржЖржкрзНржирж╛рж░рж╛ ржд ржкрзНрж░рждрж╛рж░ржгрж╛рж░рж░ рж╕ржм ржорж╛рждрзНрждрж╛ ржЫрж╛рзЬрж┐рзЯрзЗржЫрзЗржиред ржЦрзБржм ржнрж╛рж▓ред ржЖржорж╛рж░ ржХржоржкрзНрж▓рзЗржЗржи ржЯрж╛ ржирж┐ржЪрзЗ ржжрж┐рзЯрзЗ ржжрж┐рж▓рж╛ржоред  <Airtel>   Your Service request no. is 18022010738616818 which will be taken care of with utmost priority   ржмрж┐.ржжрзНрж░ : ржПрзЯрж╛рж░ржЯрзЗрж▓ ржУ рж░ржмрж┐рж░ ржХрзЗрж╛ржи ржЕржлрж╛рж░ ржПрж░ ржлрж╛ржжрзЗ ржкрж╛ ржжрж┐ржмрзЗржи ржирж╛ред ржЙржирж╛рж░рж╛ ржкрзБрж░рж╛ржЗ ржкрзНрж░рждрж╛рж░ржХред,2018-02-21T12:49:08+0000,3,3,0,0,0,0
robi,1624015417677550_1624291340983291,Thik bolcen Vai.... Halara dakayt,2018-02-21T14:32:58+0000,0,0,0,0,0,0
robi,1624015417677550_1625135024232256,tik,2018-02-22T05:36:10+0000,0,1,0,0,0,0
robi,1624015417677550_1625207577558334,ржнрж╛ржЗ ржкрзБрж░рж╛ржЗ ржмрж╛ржЯржкрж╛рж░ ржЕржкрж╛рж░рзЗржЯрж░ рж╕рж┐ржоржЯрж╛ ржмржирзНржз ржХрж░рзЗ ржжрзЗржи,2018-02-22T07:08:40+0000,0,1,0,0,0,0
robi,1624015417677550_1624218154323943,ржЖржорж┐ 4G ржмрзЛржирж╛рж╕ ржирзЗржУрзЯрж╛рж░ ржкрж░ ржЗржирзНржЯрж╛рж░ржирзЗржЯ ржмрзНржпржмрж╣рж╛рж░ ржХрж░рзЗ ржжрзЗржЦрж▓рж╛ржо ржЖржорж╛рж░ 110 ржЯрж╛ржХрж╛ ржХрзЗржЯрзЗ ржирж┐рзЯрзЗржЫрзЗ  ржмрзЛржирж╛рж╕ ржкрзНржпрж╛ржХ ржкрзБрж░рзЛржЯрж╛ржЗ ржЖржЫрзЗред ржПржЯрж╛ ржХрж┐ ржирждрзБржи ржзрж╛ржирзНржжрж╛ржмрж╛ржЬрж┐? ржЧрзНрж░рж╛рж╣ржХржХрзЗ ржаржХрж┐рзЯрзЗ ржмрзЗрж╢рж┐ржжрзВрж░ ржпрзЗрждрзЗ ржкрж╛рж░ржмрзЗржи ржирж╛ ржХрж╛рж░ржг рж╕ржмрж╛рж░ рж╣рж╛рждрзЗ ржЖрж░рзЗржХ ржХрзЛржорзНржкрж╛ржирж┐рж░ рж╕рж┐ржо ржерж╛ржХрзЗред ржЖржорж┐ ржЖржорж╛рж░ рж░ржмрж┐ ржирж╛ржорзНржмрж╛рж░рзЗ ржХрзЯрзЗржХржорж╛рж╕рзЗрж░ ржЬржирзНржп рж░рж┐ржЪрж╛рж░рзНржЬ ржХрж░рж╛ ржмржирзНржз ржХрж░рзЗ ржжрзЗржмред,2018-02-21T13:24:08+0000,1,1,0,0,0,0
robi,1624015417677550_1624297860982639,yes bro,2018-02-21T14:39:32+0000,0,0,0,0,0,0
robi,1624015417677550_1626404904105268,ржЖржорж┐ 4g ржХрж╛ржнрж╛рж░рзЗржЬ ржПрж░рж┐рзЯрж╛ рждрзЗ ржЖржЫрж┐ ржХрж┐ ржирж╛ ржУржЯрж╛ ржХрж┐ ржХрж░рзЗ ржЪрзЗржХ ржХрж░ржмрзЛ    ржкрзНрж▓рж┐ржЬ ржХрзЗржУ рж╣рзЗрж▓рзНржк ржХрж░рзЗржи     thanks,2018-02-23T09:46:46+0000,1,0,0,0,0,0
robi,1624015417677550_1632608433484915,Apni apnar mobile phone theke *123*44# dial korle network check korar link to peye jaben. Othoba sorasori visit korte paren www.robi.com.bd ei web site e.,2018-03-01T02:10:19+0000,0,0,0,0,0,0
robi,1624015417677550_1624417220970703,ржЖрж╛ржорж╛рж░ ржорзЛржмрж╛ржЗрж▓рзЗ 1GB ржЖрж╕ржЫрзЗ ржХрж┐ржирзНрждрзБ рждрж╛ ржмрзНржпржмрж╣рж╛рж░ ржХрж░рж╛ ржпрж╛ржЪрзНржЫрзЗ ржирж╛ ред ржЖржорж╛рж░ ржорзЛржмрж╛ржЗрж▓ ржирж╛ржорзНржмрж╛рж░ рж╣рж▓рзЛ 01883440978,2018-02-21T16:32:43+0000,0,1,0,0,0,0
robi,1624015417677550_1625128724232886,ржжрзЗржХ 2G ржкрж╛ржЗ  ржирж╛   ржЖржмрж╛рж░  4G ржЪрзБржжрж╛рж╕рзН ржЦрж╛ржиржХрж┐рж░ ржкрзБрждрзЗрж░рж╛   рждрзЗрж╛ржжрзЗрж░ ржирзЗржЯ ржжрж┐рзЯрзЗ Fb ржЪрж▓рзЗржирж╛.,2018-02-22T05:26:35+0000,1,1,0,0,0,0
robi,1624015417677550_1625154884230270,ржЖржорж╛рж░ рж╕рж┐ржо ржПржмржВ рж╣рзЗржирзНржбрж╕рзЗржЯ 4G ржЙржкржпрзБржХрзНржд ржХрж┐ржирзНржд ржЖржорж╛рж░   рззржЬрж┐ржмрж┐ 4G welcome ржмрзЛржирж╛рж╕ ржмрзНржпржмрж╣рж╛рж░ ржХрж░рж╛ ржпрж╛ржЪрзНржЫрзЗржирж╛редржбрж╛ржЯрж╛ ржЕржи ржХрж░рж▓рзЗ ppu use korchen рж▓рзЗржЦрж╛ ржЕрж╛рж╕рзЗред please help me?,2018-02-22T05:47:09+0000,5,0,0,0,0,0
robi,1624015417677550_1625155497563542,deken,2018-02-22T05:48:13+0000,0,0,0,0,0,0
robi,1624015417677550_1625155840896841,,2018-02-22T05:48:46+0000,0,0,0,0,0,0
robi,1624015417677550_1625156744230084,sim and handset 4G sopported,2018-02-22T05:50:18+0000,0,0,0,0,0,0
robi,1624015417677550_1625771570835268,Vai amar o akei obostha,2018-02-22T18:59:44+0000,0,0,0,0,0,0
robi,1624015417677550_1627433597335732,3g ржЖрж╕рзЗ ржЖрж░ ржпрж╛ржЗ ржЖржмрж╛рж░ 4g ржорж╛рж░ржЫрзЗ,2018-02-24T08:23:49+0000,1,0,0,1,0,0
robi,1624015417677550_1624145530997872,oh yes i got it Robi 4G  but not 4.5G,2018-02-21T12:22:28+0000,1,0,0,0,0,0
robi,1624015417677550_1625558550856570,Kvabe bujhai bolben?plz,2018-02-22T14:59:51+0000,0,0,0,0,0,0
robi,1624015417677550_1624211054324653,ami robi te 1 GB data bonus paici but seta use kra jasse na.pore dekhci ble sim naki 4G hoice but handset 4G na  handset abr 4G kre kivbe,2018-02-21T13:16:51+0000,0,0,0,0,0,0
robi,1624015417677550_1635576099854815,ржнрж╛ржЗрзЯрж╛ 2 ржЬрж┐ рждрзЛ ржнрж╛рж▓ржнрж╛ржмрзЗржнрж╛рж▓ржнрж╛ржмрзЗржкрж╛ржУрзЯрж╛ ржпрж╛рзЯржирж╛ ржЖржмрж╛рж░ 4;5 ржЬрж┐ ЁЯШАЁЯШЕЁЯШАЁЯШГЁЯШИЁЯШИЁЯШаЁЯШИЁЯШИЁЯШИЁЯШИЁЯШИЁЯШИ,2018-03-03T15:40:25+0000,0,0,0,0,0,0
robi,1624015417677550_1624418344303924,рждрж╛рж░ ржЬржирзНржп ржХрж┐ ржХрж░ржмрзЛ,2018-02-21T16:33:25+0000,0,0,0,0,0,0
robi,1624015417677550_1624134340998991,рж╣рзНржпрж╛рж▓рзЛ ржмрзНрж░рзЛ  ржбрзЗрж▓рж┐ ржкрзНржпрж╛ржХрзЗржЬ рзз ржЬрж┐ржмрж┐ ржбрж╛ржЯрж╛ ржмрзНржпржмрж╣рж╛рж░ ржХрж░рж╛ ржпрж╛ржЪрзНржЫрзЗ ржирж╛ ржХрзЗржирзЛ?,2018-02-21T12:09:49+0000,0,0,0,0,0,0
robi,681794701899631_1623021927776899,рж╕ржмржЪрзЗржпрж╝рзЗ ржмрж┐рж╕рзНрждрзГржд рж░ржмрж┐ 4.5G ржирзЗржЯржУржпрж╝рж╛рж░рзНржХ ржкрзМржБржЫрзЗ ржЧрзЗржЫрзЗ ржжрзЗрж╢рзЗрж░ рзмрзк ржЬрзЗрж▓рж╛ржпрж╝ред    рж░ржмрж┐ 4.5G ржирзЗржЯржУржпрж╝рж╛рж░рзНржХрзЗ ржкрж╛ржЪрзНржЫрзЗржи ржкрзНрж░рждрж┐ржжрж┐ржи ржлрзНрж░рж┐ рзз ржЬрж┐ржмрж┐ ржЗржирзНржЯрж╛рж░ржирзЗржЯ  ржкрж░ ржкрж░ рзк ржжрж┐ржиред  ржЕржлрж╛рж░ржЯрж┐ ржирж┐рждрзЗ ржбрж╛ржпрж╝рж╛рж▓ ржХрж░рзБржи *рззрзирзй*рзкрзк#  ржПржмрж╛рж░ ржжрзЗрж╢рзЗрж░ ржкрзНрж░рждрж┐ ржЗржЮрзНржЪрж┐ рж╣ржмрзЗ ржбрж┐ржЬрж┐ржЯрж╛рж▓ред  ржмрж┐рж╕рзНрждрж╛рж░рж┐ржд ржЬрж╛ржирждрзЗ ржнрж┐ржЬрж┐ржЯржГ www.robi.com.bd/4.5g,2018-02-20T15:56:14+0000,26,72,2,0,0,1
robi,1623021661110259_1623986561013769,3ржЬрж┐ ржЖрж╕рзЗ ржирж╛ ржЖржмрж╛рж░ 4ржЬрж┐ред ржЖржЧрзЗ  ржирзЗржЯржУрзЯрж╛рж░рзНржХ ржарж┐ржХ ржХрж░рзЗржи рждрж╛рж░ржкрж░ ржЕржлрж╛рж░ ржжрзЗржиред ржЖржкржирж╛рж░ ржжрзЗрж░ ржХржерж╛рж░ рж╕рж╛ржерзЗ ржХрж╛ржЬрзЗрж░ ржХрзЛржи ржорж┐рж▓ ржирзЗржЗред ржЖржкржирж╛рж░рж╛ ржПржб ржжрж┐рзЯрзЗ ржПржжрзЗрж╢рзЗрж░ ржорж╛ржирзБрж╖рзЗрж░ ржХрж╛ржЫ ржерзЗржХрзЗ ржЕржи ржирж╛рзЯ ржнрж╛ржмрзЗ ржЯрж╛ржХрж╛ ржЖрждрзНржорж╕рж╛ржд ржХрж░рзЗржиред,2018-02-21T09:00:04+0000,2,1,0,0,0,0
robi,1623021661110259_1625209057558186,ржЪрж┐ржЯрж┐ржВ ржЕржкрж╛рж░рзЗржЯрж░,2018-02-22T07:11:37+0000,0,0,0,0,0,0
robi,1623021661110259_1625254214220337,Dear motiur  ржЖржкрж╛ржирж╛рж░ ржЕрж╕рзБржмрж┐ржзрж╛ржЯрж┐рж░ ржЬржирзНржп ржжрзБржГржЦ ржкрзНрж░ржХрж╛рж╢ ржХрж░ржЫрж┐ред  ржЖржкржирж╛рж░ рж╕ржорзНржпрж╛ржЯрж┐рж░ рж╕ржарж┐ржХ рж╕ржорж╛ржзрж╛ржи ржкрзЗрждрзЗ ржЕржирзБржЧрзНрж░рж╣ ржХрж░рзЗ ржирж┐ржЪрзЗрж░ рждржерзНржп ржЧрзБрж▓рзЛ ржЬрж╛ржирж┐рзЯрзЗ ржЖржорж╛ржжрзЗрж░ ржЗржорзЗржЗрж▓ ржХрж░рзБржи  123@robi.com.bd ржПржЗ ржПржбрзНрж░рзЗрж╕рзЗ-  рззред ржЖржкржирж╛рж░ рж░ржмрж┐ ржиржорзНржмрж░  рзиред ржкрзВрж░рзНржг ржарж┐ржХрж╛ржирж╛ (ржЧрзНрж░рж╛ржо  ржЗржЙржирж┐рзЯржи  ржЙржкржЬрзЗрж▓рж╛  ржЬрзЗрж▓рж╛)  рзйред рж╣рзНржпрж╛ржирзНржбрж╕рзЗржЯрзЗрж░ ржирж╛ржо ржУ ржоржбрзЗрж▓ [ржЕржирзНржп рж╣рзНржпрж╛ржирзНржбрж╕рзЗржЯ ржерзЗржХрзЗ ржХрзНрж░рж╕ ржЪрзЗржХ ржХрж░рзЗ ржерж╛ржХрж▓рзЗ рждрж╛рж░ ржирж╛ржо ржУ ржоржбрзЗрж▓  рзкред рж╕ржорж╕рзНржпрж╛ржЯрж┐рж░ рж╕ржорзЯржХрж╛рж▓ [ржЕрж░рзНржерж╛рзО  ржХржЦржи ржерзЗржХрзЗ рж╕ржорж╕рзНржпрж╛ржЯрж┐рж░ рж╕ржорзНржорзБржЦрзАржи рж╣рзЯрзЗржЫрзЗржи]  рзлред  ржЖржкржирж╛рж░  рж╕рж╛ржерзЗ ржпрзЛржЧрж╛ржпрзЛржЧрзЗрж░ ржЕржирзНржп ржХрзЛржи ржиржорзНржмрж░  рзмред рж╣рзНржпрж╛ржирзНржбрж╕рзЗржЯ ржПрж░ ржирзЗржЯржУрзЯрж╛рж░рзНржХ ржмрж╛рж░ ржХрзЯржЯрж┐  ржкрзНрж░ржжрж░рзНрж╢ржи ржХрж░ржЫрзЗ?  рзнред  рж╕ржорж╕рзНржпрж╛ржЯрж┐ ржХрж┐  ржЗржиржбрзЛрж░ ржирж╛ржХрж┐ ржЖржЙржЯржбрзЛрж░рзЗред  рзоред ржжрж┐ржирзЗрж░ ржХрзЛржи ржирж┐рж░рзНржжрж┐рж╖рзНржЯ рж╕ржорзЯрзЗ рж╕ржорж╕рзНржпрж╛ржЯрж┐ рж╣ржЪрзНржЫрзЗржХрж┐?  рзпред рж╕ржорж╕рзНржпрж╛рж░ рж▓рзЛржХрзЗрж╢ржи ржерзЗржХрзЗ рж╕рж░рзНржмрж╢рзЗрж╖  ржпржЦржи ржХрж▓ ржмрж╛ ржирзЗржЯ ржмрзНржпржмрж╣рж╛рж░ ржХрж░рж╛ рж╣рзЯрзЗржЫрзЗ  рждржЦржиржХрж╛рж░ рж╕ржорзЯ  рззрзжред рж░ржмрж┐ рзй.рзл ржЬрж┐ ржкрж╛ржЪрзНржЫрзЗржи ржХрж┐ржирж╛?   рззрззред ржмрж░рзНрждржорж╛ржи ржирзЗржЯ рж╕рзНржкрзАржб   ржЖржорж╛ржжрзЗрж░ рж╕рж╛ржерзЗржЗ ржерж╛ржХрзБржи  ржЖрж╢рж╛ ржХрж░рж┐ ржЖржкржирж┐ ржЖржкржирж╛рж░ ржХрж╛ржЩрзНржХрзНрж╖рж┐ржд рж╕ржорж╛ржзрж╛ржиржЯрж┐ ржкрзЗрзЯрзЗ ржпрж╛ржмрзЗржиред ~Nahid,2018-02-22T08:01:09+0000,0,0,0,0,0,0
robi,1623021661110259_1623425327736559,bare amar koregream ulipur thatri amar a khane robir 2G net pay,2018-02-20T23:00:58+0000,1,0,0,0,0,0
robi,1623021661110259_1625253400887085,Dear Zim  ржЖржкрж╛ржирж╛рж░ ржЕрж╕рзБржмрж┐ржзрж╛ржЯрж┐рж░ ржЬржирзНржп ржжрзБржГржЦ ржкрзНрж░ржХрж╛рж╢ ржХрж░ржЫрж┐ред  ржЖржкржирж╛рж░ рж╕ржорзНржпрж╛ржЯрж┐рж░ рж╕ржарж┐ржХ рж╕ржорж╛ржзрж╛ржи ржкрзЗрждрзЗ ржЕржирзБржЧрзНрж░рж╣ ржХрж░рзЗ ржирж┐ржЪрзЗрж░ рждржерзНржп ржЧрзБрж▓рзЛ ржЬрж╛ржирж┐рзЯрзЗ ржЖржорж╛ржжрзЗрж░ ржЗржорзЗржЗрж▓ ржХрж░рзБржи  123@robi.com.bd ржПржЗ ржПржбрзНрж░рзЗрж╕рзЗ-  рззред ржЖржкржирж╛рж░ рж░ржмрж┐ ржиржорзНржмрж░  рзиред ржкрзВрж░рзНржг ржарж┐ржХрж╛ржирж╛ (ржЧрзНрж░рж╛ржо  ржЗржЙржирж┐рзЯржи  ржЙржкржЬрзЗрж▓рж╛  ржЬрзЗрж▓рж╛)  рзйред рж╣рзНржпрж╛ржирзНржбрж╕рзЗржЯрзЗрж░ ржирж╛ржо ржУ ржоржбрзЗрж▓ [ржЕржирзНржп рж╣рзНржпрж╛ржирзНржбрж╕рзЗржЯ ржерзЗржХрзЗ ржХрзНрж░рж╕ ржЪрзЗржХ ржХрж░рзЗ ржерж╛ржХрж▓рзЗ рждрж╛рж░ ржирж╛ржо ржУ ржоржбрзЗрж▓  рзкред рж╕ржорж╕рзНржпрж╛ржЯрж┐рж░ рж╕ржорзЯржХрж╛рж▓ [ржЕрж░рзНржерж╛рзО  ржХржЦржи ржерзЗржХрзЗ рж╕ржорж╕рзНржпрж╛ржЯрж┐рж░ рж╕ржорзНржорзБржЦрзАржи рж╣рзЯрзЗржЫрзЗржи]  рзлред  ржЖржкржирж╛рж░  рж╕рж╛ржерзЗ ржпрзЛржЧрж╛ржпрзЛржЧрзЗрж░ ржЕржирзНржп ржХрзЛржи ржиржорзНржмрж░  рзмред рж╣рзНржпрж╛ржирзНржбрж╕рзЗржЯ ржПрж░ ржирзЗржЯржУрзЯрж╛рж░рзНржХ ржмрж╛рж░ ржХрзЯржЯрж┐  ржкрзНрж░ржжрж░рзНрж╢ржи ржХрж░ржЫрзЗ?  рзнред  рж╕ржорж╕рзНржпрж╛ржЯрж┐ ржХрж┐  ржЗржиржбрзЛрж░ ржирж╛ржХрж┐ ржЖржЙржЯржбрзЛрж░рзЗред  рзоред ржжрж┐ржирзЗрж░ ржХрзЛржи ржирж┐рж░рзНржжрж┐рж╖рзНржЯ рж╕ржорзЯрзЗ рж╕ржорж╕рзНржпрж╛ржЯрж┐ рж╣ржЪрзНржЫрзЗржХрж┐?  рзпред рж╕ржорж╕рзНржпрж╛рж░ рж▓рзЛржХрзЗрж╢ржи ржерзЗржХрзЗ рж╕рж░рзНржмрж╢рзЗрж╖  ржпржЦржи ржХрж▓ ржмрж╛ ржирзЗржЯ ржмрзНржпржмрж╣рж╛рж░ ржХрж░рж╛ рж╣рзЯрзЗржЫрзЗ  рждржЦржиржХрж╛рж░ рж╕ржорзЯ  рззрзжред рж░ржмрж┐ рзй.рзл ржЬрж┐ ржкрж╛ржЪрзНржЫрзЗржи ржХрж┐ржирж╛?   рззрззред ржмрж░рзНрждржорж╛ржи ржирзЗржЯ рж╕рзНржкрзАржб   ржЖржорж╛ржжрзЗрж░ рж╕рж╛ржерзЗржЗ ржерж╛ржХрзБржи  ржЖрж╢рж╛ ржХрж░рж┐ ржЖржкржирж┐ ржЖржкржирж╛рж░ ржХрж╛ржЩрзНржХрзНрж╖рж┐ржд рж╕ржорж╛ржзрж╛ржиржЯрж┐ ржкрзЗрзЯрзЗ ржпрж╛ржмрзЗржиред ~Nahid,2018-02-22T07:59:41+0000,0,0,0,0,0,0
robi,1623021661110259_1623025767776515,Amar ei packs babohar kora jay na keno ? Your Packs: 1) 150MB 0bytes remaining  vaild until 2018-02-21 20:00 2) 150MB_4Bonus_7D 150.0MB remaining  vaild until N/A 3) 4G Welcome 1.0GB remaining  vaild until 2018-02-21 20:00,2018-02-20T16:00:09+0000,0,2,0,0,0,0
robi,1623021661110259_1624077691004656,ржнрж╛ржЗ ржЖржорж┐ ржПржХржмрж╛рж░ ржирж┐ржЫрж┐ ржХрж┐ржирзНрждрзБ ржЖрж░ ржжрж┐ржЪрзНржЫрзЗ ржирж╛редржХрж┐ржирзНрждрзБ ржЖржкрзНржирж╛рж░рж╛ ржмрж▓ржЫрзЗржи ржпрзЗ рзк ржмрж╛рж░ ржкрж╛ржм ржЖржлрж╛рж░ржЯрж╛редржПржЗ ржкрж░ржпржирзНржд рзй ржмрж╛рж░ ржХрзЗрзЯрж╛рж░ ржП ржлрзЛржи ржжрж┐ржЫрж┐ рждрж╛рж░рж╛ ржмрж▓ржЫрзЗ рзйрзж ржорж┐ржирж┐ржЯ ржПрж░ ржоржзрзНржпрзЗ ржкрзЗрзЯрзЗ ржпрж╛ржмредржХрж┐ржирзНрждрзБ ржЧржд рзй ржШржирзНржЯрж╛ рж╣рзЯржП ржЧрзЗрж▓ ржЖржорж┐ ржПржЦржиржУ ржкрж╛ржЗ ржирж┐редржирж╛ ржкрж╛ржУрзЯрж╛ ржХрж╛рж░ржгржЯрж╛ ржЬрж╛ржирждрзЗ ржЪрж╛ржЗ,2018-02-21T11:05:01+0000,0,1,0,0,0,0
robi,1623021661110259_1623795487699543,3G SIM a 1 gb paici but coltecena kno...?,2018-02-21T05:25:30+0000,0,0,0,0,0,0
robi,1623021661110259_1623920834353675,ata ki shudu Facebook jonno naki sir,2018-02-21T07:47:58+0000,0,0,1,0,0,0
robi,1623021661110259_1623070234438735,Ami o asi,2018-02-20T16:44:29+0000,0,0,0,0,1,0
robi,1623021661110259_1624054367673655,Koto boro acoda net.... mb ase tao net er prob....,2018-02-21T10:34:38+0000,2,0,0,0,0,0
robi,1623021661110259_1626494264096332,network setting e jeye 4g mode on koren use korte parben...,2018-02-23T11:48:02+0000,0,0,0,0,0,0
robi,1623021661110259_1626494850762940,Kora ase sb.....  Network tai faltu,2018-02-23T11:49:00+0000,0,0,0,0,0,0
robi,1623021661110259_1624034524342306,4G free 1gb mb koita theke koita bebohar kora jai,2018-02-21T10:07:24+0000,0,0,0,0,0,0
robi,1623021661110259_1629234537155638,4g kivabe korbo,2018-02-25T21:05:22+0000,0,0,0,0,0,0
robi,1623021661110259_1623860097693082,4G kivabe subscribe korbo....????,2018-02-21T06:48:57+0000,1,0,0,0,0,0
robi,1623021661110259_1632613060151119,Apnar sim ti ebong handset ti 4G supported ki na ta jene nin *123*44# e call kore. Sim jodi 4G sim na hoye thake tahole nikotostho Robi Sheba te jeye sim ti poriborton kore nin. Handset ebon sim jodi 4G supported hoye thake tahole 4G network er aaotabhukto holei apnar mobile er network bar e 4G othoba LTE dekhabe.,2018-03-01T02:17:17+0000,0,0,0,0,0,0
robi,1623021661110259_1623032351109190,Amro jai na.,2018-02-20T16:07:09+0000,0,0,0,0,0,0
robi,1623021661110259_1623928054352953,4g ki vabe korbo bolun sir places,2018-02-21T07:49:20+0000,0,0,0,0,0,0
robi,1623021661110259_1627545093991249,Amar city te 4G ase naki ami Ki vabe janbo,2018-02-24T11:19:23+0000,0,0,0,0,0,0
robi,1623021661110259_1623679121044513,рж╕рж┐ржоржЯрж┐ ржХрж┐ржнрж╛ржмрзЗ 4G ржмрж╛ржирж┐рзЯрзЗ ржирзЗржмрзЛ  ржпржжрж┐ ржмрж▓рзЗ ржжрзЗржи ржЙржкржХрзГржд рж╣ржмрзЛред,2018-02-21T03:20:50+0000,1,0,0,0,0,0
robi,1623021661110259_1624035787675513,*666*1# dial,2018-02-21T10:08:33+0000,0,0,0,0,0,0
robi,1623021661110259_1626258940786531,kon somoy theke kon somoy beboher korte parbo,2018-02-23T05:57:16+0000,0,0,0,0,0,0
robi,1623021661110259_1624240627655029,Balance koto katbe ate,2018-02-21T13:44:51+0000,0,0,0,0,0,0
robi,1623021661110259_1629792197099872,Ami  apnader dea code *123*0*0*1#  dail kore 1 GB peasi kinto kono kaz hossena,2018-02-26T11:21:06+0000,0,0,0,0,0,0
robi,1623021661110259_1623056921106733,Same question,2018-02-20T16:33:30+0000,0,0,0,0,0,0
robi,1623021661110259_1624420584303700,ржнрж╛ржЗ ржЖржорж╛рж░ ржПржЦрж╛ржирзЗ ржЕржкрж╛рж░ржЯрж┐ ржЖрж╕ржЫрзЗ ржХрж┐ржирзНрждрзБ рждрж╛ ржмрзНржпржмрж╣рж╛рж░ ржХрж░рж╛ ржпрж╛ржЪрзНржЫрзЗ ржирж╛,2018-02-21T16:36:02+0000,0,0,0,0,0,0
robi,1623021661110259_1625275750884850,ржХржХрзНрж╕ржмрж╛ржЬрж╛рж░ ржЪржХрж░рж┐рзЯрж╛рждрзЗ ржХрж┐ рзк.рзл ржЬрж┐ ржЪрж╛рж▓рзБ рж╣рзЯрзЗржЫрзЗ?,2018-02-22T08:29:39+0000,0,0,0,0,0,0
robi,1623021661110259_1635617186517373,9 tk diye 1 gb kena jay na ken,2018-03-03T16:25:21+0000,0,0,0,0,0,0
robi,1623021661110259_1625811460831279,ржЖржорж╛ржжрзЗрж░ ржПрж▓рж╛ржХрж╛рзЯ 5ржЬрж┐ ржЖрж╕рждрзЗржЫрзЗ,2018-02-22T19:54:38+0000,0,0,0,0,0,0
robi,1623021661110259_1623087561103669,Abdullah Al Masum,2018-02-20T17:01:05+0000,0,0,0,0,0,0
robi,1623021661110259_1631885026890589,https://www.facebook.com/cplustv/videos/1445100572283116/,2018-02-28T10:15:29+0000,0,0,0,0,0,0
robi,681794701899631_1621379831274442,рж░ржмрж┐ 4G ржПрж░ ржЬржирзНржп ржЖржкржирж┐ рж░рзЗржбрж┐ рждрзЛ?  рж░ржмрж┐рждрзЗ ржпрзЗржХрзЛржи ржЗржирзНржЯрж╛рж░ржирзЗржЯ ржкрзНржпрж╛ржХ ржХрж┐ржирзЗ ржЬржорж┐ржпрж╝рзЗ рж░рж╛ржЦрждрзЗ ржкрж╛рж░ржмрзЗржи рззрзжрзж ржЬрж┐ржмрж┐ ржкрж░рзНржпржирзНржд 4G ржЗржирзНржЯрж╛рж░ржирзЗржЯ ржмрзЛржирж╛рж╕  ржЖрж░ ржкрзНрж░рждрж┐ ржкрзНржпрж╛ржХрзЗ рж╕рж░рзНржмржирж┐ржирзНржо рззрзжрзж% ржирж┐рж╢рзНржЪрж┐ржд 4G ржмрзЛржирж╛рж╕ рждрзЛ ржерж╛ржХржЫрзЗржЗ  ржмрж┐рж╕рзНрждрж╛рж░рж┐ржд ржЬрж╛ржирждрзЗ ржбрж╛рзЯрж╛рж▓ *123# ржЕржержмрж╛ ржнрж┐ржЬрж┐ржЯ: https://goo.gl/hDGiBR,2018-02-19T11:24:51+0000,9,63,0,0,0,0
robi,1621379831274442_1623014857777606,*123*88# Dile koron 4G Sirvesc Calo hobe,2018-02-20T15:50:53+0000,4,2,0,0,0,0
robi,1621379831274442_1623019351110490,Vai ami    barisal er wazirpur a thaki    akhana 4g pabo    ,2018-02-20T15:54:38+0000,0,0,0,0,0,0
robi,1621379831274442_1623019607777131,Plz janaben   ,2018-02-20T15:54:51+0000,0,0,0,0,0,0
robi,1621379831274442_1623020197777072,Akhana bortomana 3 g ace   ,2018-02-20T15:55:22+0000,0,0,0,0,0,0
robi,1621379831274442_1622574804488278,4G SIM er obostha,2018-02-20T08:02:53+0000,2,0,0,0,0,0
robi,1621379831274442_1622857424460016,Bai apnar Mobaile Netowark Settings Ta Thaik Koren....,2018-02-20T13:29:53+0000,0,0,0,0,0,0
robi,1621379831274442_1622911341121291,settings thik e ace,2018-02-20T14:14:27+0000,0,0,0,0,0,0
robi,1621379831274442_1631060660306359,ржЖржорж╛рж░ рж╕рж┐ржорзЗ 4G ржЪрж╛рж▓рзБ рж╣рзЯрзЗржЫрзЗ рз╖ржХрж┐ржирзНрждрзБ рж╕ржорж╕рзНржпрж╛ рж╣рж▓рзЛ ржкрзНрж░рждрж┐ржжрж┐ржи ржпрзЗ 1 ржЬрж┐ржмрж┐ ржХрж░рзЗ ржжрзЗржУрзЯрж╛рж░ ржХржерж╛ рждрж╛ ржЪрж╛рж▓рж╛рждрзЗ ржкрж╛рж░ржЫрж┐ржирж╛ рз╖рждрж╛ ржХрж┐ржнрж╛ржмрзЗ ржмрзНржпржмрж╣рж╛рж░ ржХрж░рж╛ ржпрж╛ржмрзЗ рждрж╛ ржмрж▓ржмрзЗржи ржХрж┐? ржлрзЛржирзЗ рж╕рзЗржЯрж┐ржВрж╕ ржЗрждрзНржпрж╛ржжржжрж┐ рж╕ржмржЗ ржарж┐ржХ ржЖржЫрзЗ,2018-02-27T17:15:08+0000,0,0,0,0,0,0
robi,1621379831274442_1623035881108837,Amar ei packs babohar kora jay na keno ???  Your Packs: 1) 150MB      0bytes remaining       vaild until 2018-02-21 20:00 2) 150MB_4Bonus_7D      150.0MB remaining        vaild until N/A 3) 4G Welcome      1.0GB remaining        vaild until 2018-02-21 20:00,2018-02-20T16:11:20+0000,0,0,0,0,0,0
robi,1621379831274442_1623011484444610,Barisal a ki 4g ace???,2018-02-20T15:48:19+0000,0,0,0,0,0,0
robi,1621379831274442_1622397117839380,Robi 4G speed last night,2018-02-20T04:38:09+0000,0,0,0,0,0,0
robi,1621379831274442_1623930574352701,4g korbo ki kore sir,2018-02-21T07:51:56+0000,0,0,0,0,0,0
robi,1621379831274442_1623803564365402,sim 4g korbo kivabe,2018-02-21T05:36:13+0000,0,0,0,0,0,0
robi,1621379831274442_1622792724466486,Robi Sim 4G kmne krbu...???,2018-02-20T12:35:25+0000,0,0,0,0,0,0
robi,681794701899631_1620122104733548,ржжрзЗрж╢ржЬрзБрзЬрзЗ рж╕ржмржЪрзЗрзЯрзЗ ржмрж┐рж╕рзНрждрзГржд ржирзЗржЯржУрзЯрж╛рж░рзНржХ ржирж┐рзЯрзЗ ржЖрж╕ржЫрзЗ рж░ржмрж┐ 4G ржирзЗржЯржУрзЯрж╛рж░рзНржХ    ржЖржкржирж╛рж░рж╛ рж╕ржмрж╛ржЗ ржкрж╛рж╕рзЗ ржерж╛ржХрзБржи ред,2018-02-18T09:43:17+0000,6,73,1,0,0,0
robi,1620122104733548_1620434698035622,Acchaa robi te ki 10 takai 250 mb fb kono pack ase?Thakle pls janan.,2018-02-18T15:48:29+0000,2,0,0,0,0,0
robi,1620122104733548_1623016817777410,Sorry ney,2018-02-20T15:52:33+0000,0,0,0,0,0,0
robi,1620122104733548_1623943367684755,Anne 250mb fb ar pack ase?,2018-02-21T08:02:09+0000,0,0,0,0,0,0
robi,1620122104733548_1620957284650030,ржнрж╛ржЗ ржлрзЛржиржЯрж╛ рзкржЬрж┐ ржирж╛ ржХрж┐ржирзНрждрзБ рж╕рж┐ржоржЯрж╛ рзкржЬрж┐  рждрж╛рж╣рж▓рзЗ ржХрж┐ рзкржЬрж┐ ржмрзНржпржмрж╣рж╛рж░ ржХрж░рждрзЗ ржкрж╛рж░ржмрзЛ ржЬрж╛ржирж╛ржи ржЖржорж╛ржХрзЗ......ред,2018-02-19T01:53:27+0000,3,0,0,0,0,0
robi,1620122104733548_1621152694630489,,2018-02-19T05:59:28+0000,0,0,0,0,0,0
robi,1620122104733548_1621441014601657,Ha  Parben Sir,2018-02-19T12:36:04+0000,0,0,0,0,0,0
robi,1620122104733548_1623542804391478,ржЖржорж╛рж░ ржлрзЛржи 4G ржирж╛ ржХрж┐ржирзНрждрзБ рж╕рж┐ржо   4G  ржЖржорж╛рж░ ржлрзЛржирзЗ 4G ржирзЗржЯ ржкрж╛ржмрзЗ??,2018-02-21T01:15:52+0000,0,0,0,0,0,0
robi,1620122104733548_1620358834709875,ржнрж╛ржЗ рзкржЬрж┐ рж╕рзЗржмрж╛ ржХржЦржи ржерзЗржХрзЗ ржЪрж╛рж▓рзБ рж╣ржмрзЗ?,2018-02-18T14:33:28+0000,1,0,0,0,0,0
robi,1620122104733548_1621152437963848,,2018-02-19T05:58:58+0000,0,1,0,0,0,0
robi,1620122104733548_1620126591399766,Good,2018-02-18T09:50:41+0000,1,1,0,0,0,0
robi,1620122104733548_1620134724732286,Hmm Thanks,2018-02-18T10:04:45+0000,0,0,0,0,0,0
robi,1620122104733548_1620142791398146,ржЫржмрж┐ржЯрж╛ ржХрж╛рж░??,2018-02-18T10:16:03+0000,0,1,0,0,0,0
robi,1620122104733548_1621205444625214,ржХрж╛ржЬрзЗрж░ 3G   ржирж╛ржорзЗрж░ 4G,2018-02-19T07:32:05+0000,0,0,0,0,0,0
robi,681794701899631_1600880026657756,ржжрзЗрж╢ржЬрзБрзЬрзЗ рж╕ржмржЪрзЗрзЯрзЗ ржмрж┐рж╕рзНрждрзГржд ржирзЗржЯржУрзЯрж╛рж░рзНржХ ржирж┐рзЯрзЗ ржЖрж╕ржЫрзЗ рж░ржмрж┐ 4Gред рждрж╛ржЗ рж░ржмрж┐ рж╢ржк-ржП ржХрж┐ржирзЗ ржлрзЗрж▓рзБржи 4G рж╕рзНржорж╛рж░рзНржЯржлрзЛржи ржЖрж░ рж╣рзЯрзЗ ржпрж╛ржи 4G рж░рзЗржбрж┐ред 4G рж╕рзНржорж╛рж░рзНржЯржлрзЛржи ржХрж┐ржирж▓рзЗржЗ ржкрж╛ржЪрзНржЫрзЗржи ржлрзНрж░рж┐ ржЧрж┐ржлржЯрж╕  рззрзи ржерзЗржХрзЗ рзирзк ржорж╛рж╕рзЗрж░ ржЗржПржоржЖржЗ рж╕рзБржмрж┐ржзрж╛ ржУ ржЖржХрж░рзНрж╖ржгрзАрзЯ ржбрж╛ржЯрж╛ ржЕржлрж╛рж░ред рж░ржмрж┐ рж╢ржк-ржП ржнрж┐ржЬрж┐ржЯ ржХрж░рждрзЗ ржХрзНрж▓рж┐ржХ ржХрж░рзБржи ржПржЗ рж▓рж┐ржЩрзНржХрзЗ: https://shop.robi.com.bd,2018-02-01T07:18:16+0000,12,45,1,0,0,0
robi,1600880026657756_1604582272954198,Robi te sms kinbo kivabe?,2018-02-04T17:33:32+0000,7,0,0,0,0,0
robi,1600880026657756_1604699596275799,,2018-02-04T19:54:32+0000,0,0,0,0,0,0
robi,1600880026657756_1604699969609095,,2018-02-04T19:55:03+0000,0,0,0,0,0,0
robi,1600880026657756_1604700216275737,,2018-02-04T19:55:26+0000,0,0,0,0,0,0
robi,1600880026657756_1604700556275703,,2018-02-04T19:55:49+0000,0,0,0,0,0,0
robi,1600880026657756_1604700852942340,,2018-02-04T19:56:12+0000,0,0,0,0,0,0
robi,1600880026657756_1604701166275642,,2018-02-04T19:56:34+0000,0,0,0,0,0,0
robi,1600880026657756_1604702126275546,Dear Jubaida   Shathe thakar jonno dhonnobad. -Nahid,2018-02-04T19:58:11+0000,0,0,0,0,0,0
robi,1600880026657756_1600982709980821,рж░ржмрж┐ ржЧрзБржиржЧрзБржи ржХрж┐ржнрж╛ржмрзЗ ржмржирзНржз ржХрж░ржмрзЛ?,2018-02-01T10:17:48+0000,1,0,0,0,0,0
robi,1600880026657756_1601002736645485,Dear Sultana  Apnar shomoshar jonno antorik bhabe dukkhito.  Apnar onushondhaner bishoyti shorashori amader Customer Care Helpline 123 ei number e jogajog kore bistarito janate paren. Ei call er jonno apnar 50p/Min call rate projojjo hobe (5% SD  15% VAT 1% Surcharge projojjo). Othoba je kono number theke dial korun 01819400400 ei number e.  Shathe thakar jonno dhonnobad. Nahid,2018-02-01T10:39:30+0000,0,0,0,0,0,0
robi,1600880026657756_1608964919182600,Vai ja 4g Akber 2g thake karap buji nah ki chu 4g Akono asa Nai but 3g Ta vlo kora dan mobile smg da 3gb 37 tk So net jodi nah chole GB kine Kar Video dakbo????,2018-02-08T18:55:44+0000,0,1,0,0,0,0
robi,1600880026657756_1608985072513918,Akdom baje Robi network,2018-02-08T19:15:51+0000,0,0,0,0,0,0
robi,1600880026657756_1608985749180517,,2018-02-08T19:16:40+0000,0,0,0,0,0,0
robi,1600880026657756_1617044331707992,apnader office a 4G paytho amar tho mone hoy na dukha baj,2018-02-15T17:54:49+0000,0,0,0,0,0,0
robi,1600880026657756_1615764805169278,Robir sokol taka katar sarvic off korbo kibabe,2018-02-14T15:23:13+0000,0,0,0,0,0,0
robi,1600880026657756_1617903498288742,Kono marattok offer ase naki,2018-02-16T11:19:31+0000,0,0,0,0,0,0
robi,1600880026657756_1608986159180476,Dakan vai 2g,2018-02-08T19:17:04+0000,0,0,0,0,0,0
robi,1600880026657756_1617538948325197,new sim a kono offer ase,2018-02-16T03:18:50+0000,0,0,0,0,0,0
robi,1600880026657756_1620099581402467,Vai Robi bondho sim a ki offer ace?,2018-02-18T09:09:02+0000,0,0,0,0,0,0
robi,681794701899631_1600509496694809,4G рж╕рзНржЯрзНрж░рж┐ржорж┐ржВ ржПржХрзНрж╕ржкрзЗрж░рж┐рзЯрзЗржирзНрж╕-ржПрж░ ржЬржирзНржп ржЖржкржирж┐ ржкрзНрж░рж╕рзНрждрзБржд рждрзЛ? рж░рзЗржбрж┐ ржерж╛ржХрзБржи рж░ржмрж┐ 4G enabled рж╕рж┐ржо ржПржмржВ рж╣рзНржпрж╛ржирзНржбрж╕рзЗржЯ ржирж┐рзЯрзЗ!,2018-01-31T21:47:33+0000,1,23,0,0,0,0
robi,1600509496694809_1607608699318222,no,2018-02-07T16:23:07+0000,0,0,0,0,0,0
robi,681794701899631_1600502273362198,ржЖржорж╛ржжрзЗрж░ рж╕ржирзНрждрж╛ржирж░рж╛ ржЗржирзНржЯрж╛рж░ржирзЗржЯ ржерзЗржХрзЗ ржкрзНрж░рждрж┐ржжрж┐ржи ржирждрзБржи ржХрж┐ржЫрзБ рж╢рж┐ржЦржЫрзЗред ржЖржкржирж╛рж░ рж╕ржирзНрждрж╛ржирзЗрж░ ржЯрзНржпрж╛рж▓рзЗржирзНржЯ ржЫржмрж┐ ржмрж╛ ржнрж┐ржбрж┐ржУ ржЖржкржирж╛рж░ ржкрзНрж░рзЛржлрж╛ржЗрж▓рзЗ ржкрж╛ржмрж▓рж┐ржХ ржкрзЛрж╕рзНржЯ ржХрж░рзЗ рждрж╛рж░ рж▓рж┐ржВржХ ржЯрж╛ рж╢рзЗрзЯрж╛рж░ ржХрж░рзБржи ржЖржорж╛ржжрзЗрж░ ржкрзЗржЗржЬрзЗрж░ ржЗржиржмржХрзНрж╕рзЗред рж▓рж┐ржВржХ - http://m.me/RobiFanz4G рж╕рзЗрж░рж╛ ржЯрзНржпрж╛рж▓рзЗржирзНржЯ ржЫржмрж┐ ржмрж╛ ржнрж┐ржбрж┐ржУ ржЬрж┐рждрзЗ ржирж┐ржмрзЗ ржЖржХрж░рзНрж╖ржгрзАрзЯ ржЯрзНржпрж╛ржмред,2018-01-31T21:37:21+0000,0,11,0,0,0,0
robi,681794701899631_1588182671260825,4G ржнрж┐ржбрж┐ржУ ржХрж▓рж┐ржВ ржПржХрзНрж╕ржкрзЗрж░рж┐рзЯрзЗржирзНрж╕ рж╣ржмрзЗ ржжрзБрж░рзНржжрж╛ржирзНржд! рж░рзЗржбрж┐ ржерж╛ржХрзБржи рж░ржмрж┐ 4G enabled рж╕рж┐ржо ржПржмржВ рж╣рзНржпрж╛ржирзНржбрж╕рзЗржЯ ржирж┐рзЯрзЗ!,2018-01-20T19:41:45+0000,2,37,0,0,0,0
robi,1588182671260825_1594134030665689,,2018-01-26T02:00:06+0000,0,0,0,0,0,0
robi,1588182671260825_1594132833999142,Amr 4g bt   a rkm keno,2018-01-26T01:58:28+0000,0,0,0,0,0,0
robi,681794701899631_1579193968826362,ржлрзНрж░рж┐рж▓рзНржпрж╛ржирзНрж╕рж┐ржВ-ржП ржШржЯржмрзЗ ржирждрзБржи ржмрж┐ржкрзНрж▓ржмред рж░рзЗржбрж┐ ржерж╛ржХрзБржи рж░ржмрж┐ 4G enabled рж╕рж┐ржо ржПржмржВ рж╣рзНржпрж╛ржирзНржбрж╕рзЗржЯ ржирж┐рзЯрзЗ!,2018-01-11T06:55:01+0000,5,21,1,0,0,0
robi,1579193968826362_1580355548710204,рж░ржмрж┐ рж╕рж┐ржорзЗ *999# ржбрж╛рзЯрж╛рж▓ ржХрж░рзЗ рзз ржирж╛ржорзНржмрж╛рж░рзЗ ржжрзЗржЦрж╛ржЪрзНржЫрзЗ рззрзй ржЯрж╛ржХрж╛ рж░рж┐ржЪрж╛рж░рзНржпрзЗрж░ рзз ржЬрж┐ржкрж┐ рж░рж┐ржЪрж╛рж░рзНрзЯ ржХрж░ржЫрж┐ ржкрж╛ржЗ ржирж╛ рждрзЛ??ржмрж┐рж╕рзНрждрж╛рж░рж┐ ржЬрж╛ржирж╛ржмрзЗржи???,2018-01-12T13:03:07+0000,1,1,0,0,0,0
robi,1579193968826362_1580570105355415,Dear  Hasan  ржПржЗ ржЕрж╕рзБржмрж┐ржзрж╛рж░ ржЬржирзНржп ржжрзБржГржЦ ржкрзНрж░ржХрж╛рж╢ ржХрж░ржЫрж┐ред   ржЖржкржирж╛рж░ ржЕржнрж┐ржпрзЛржЧржЯрж┐ 123@robi.com.bd рждрзЗ ржЗ-ржорзЗржЗрж▓рзЗрж░ ржорж╛ржзрзНржпржорзЗ ржЬрж╛ржирж╛рж▓рзЗ ржЖржкржирж╛ржХрзЗ ржпржерж╛ржпржержнрж╛ржмрзЗ рж╕рж╣ржпрзЛржЧрзАрждрж╛ ржХрж░рж╛ рж╕ржорзНржнржм рж╣ржмрзЗ ржЖрж╢рж╛ ржХрж░ржЫрж┐ред  ржПржЫрж╛рзЬрж╛  ржпрзЗржХрзЛржирзЛ ржорзВрж▓рзНржпржмрж╛ржи ржорждрж╛ржоржд ржЬрж╛ржирж╛рждрзЗ ржЖржорж╛ржжрзЗрж░ ржкрзЗржЬрзЗ рж▓рж┐ржЦрзБржиред  рж╕рж╛ржерзЗ ржерж╛ржХрж╛рж░ ржЬржирзНржп ржЕржирзЗржХ ржзржирзНржпржмрж╛ржжред ~Nahid,2018-01-12T18:06:43+0000,0,0,0,0,0,0
robi,1579193968826362_1583334661745626,4G!!! 3G ржЗ ржХрж┐ ржжрж╛рж░рзБржг .,2018-01-15T18:50:43+0000,1,1,0,0,0,0
robi,1579193968826362_1583788845033541,Dear Suman Chandra  ржЖржкрж╛ржирж╛рж░ ржЕрж╕рзБржмрж┐ржзрж╛ржЯрж┐рж░ ржЬржирзНржп ржжрзБржГржЦ ржкрзНрж░ржХрж╛рж╢ ржХрж░ржЫрж┐ред  ржЖржкржирж╛рж░ рж╕ржорзНржпрж╛ржЯрж┐рж░ рж╕ржарж┐ржХ рж╕ржорж╛ржзрж╛ржи ржкрзЗрждрзЗ ржЕржирзБржЧрзНрж░рж╣ ржХрж░рзЗ ржирж┐ржЪрзЗрж░ рждржерзНржп ржЧрзБрж▓рзЛ ржЬрж╛ржирж┐рзЯрзЗ ржЖржорж╛ржжрзЗрж░ ржЗржорзЗржЗрж▓ ржХрж░рзБржи  123@robi.com.bd ржПржЗ ржПржбрзНрж░рзЗрж╕рзЗ-  рззред ржЖржкржирж╛рж░ рж░ржмрж┐ ржиржорзНржмрж░  рзиред ржкрзВрж░рзНржг ржарж┐ржХрж╛ржирж╛ (ржЧрзНрж░рж╛ржо  ржЗржЙржирж┐рзЯржи  ржЙржкржЬрзЗрж▓рж╛  ржЬрзЗрж▓рж╛)  рзйред рж╣рзНржпрж╛ржирзНржбрж╕рзЗржЯрзЗрж░ ржирж╛ржо ржУ ржоржбрзЗрж▓ [ржЕржирзНржп рж╣рзНржпрж╛ржирзНржбрж╕рзЗржЯ ржерзЗржХрзЗ ржХрзНрж░рж╕ ржЪрзЗржХ ржХрж░рзЗ ржерж╛ржХрж▓рзЗ рждрж╛рж░ ржирж╛ржо ржУ ржоржбрзЗрж▓  рзкред рж╕ржорж╕рзНржпрж╛ржЯрж┐рж░ рж╕ржорзЯржХрж╛рж▓ [ржЕрж░рзНржерж╛рзО  ржХржЦржи ржерзЗржХрзЗ рж╕ржорж╕рзНржпрж╛ржЯрж┐рж░ рж╕ржорзНржорзБржЦрзАржи рж╣рзЯрзЗржЫрзЗржи]  рзлред  ржЖржкржирж╛рж░  рж╕рж╛ржерзЗ ржпрзЛржЧрж╛ржпрзЛржЧрзЗрж░ ржЕржирзНржп ржХрзЛржи ржиржорзНржмрж░  рзмред рж╣рзНржпрж╛ржирзНржбрж╕рзЗржЯ ржПрж░ ржирзЗржЯржУрзЯрж╛рж░рзНржХ ржмрж╛рж░ ржХрзЯржЯрж┐  ржкрзНрж░ржжрж░рзНрж╢ржи ржХрж░ржЫрзЗ?  рзнред  рж╕ржорж╕рзНржпрж╛ржЯрж┐ ржХрж┐  ржЗржиржбрзЛрж░ ржирж╛ржХрж┐ ржЖржЙржЯржбрзЛрж░рзЗред  рзоред ржжрж┐ржирзЗрж░ ржХрзЛржи ржирж┐рж░рзНржжрж┐рж╖рзНржЯ рж╕ржорзЯрзЗ рж╕ржорж╕рзНржпрж╛ржЯрж┐ рж╣ржЪрзНржЫрзЗржХрж┐?  рзпред рж╕ржорж╕рзНржпрж╛рж░ рж▓рзЛржХрзЗрж╢ржи ржерзЗржХрзЗ рж╕рж░рзНржмрж╢рзЗрж╖  ржпржЦржи ржХрж▓ ржмрж╛ ржирзЗржЯ ржмрзНржпржмрж╣рж╛рж░ ржХрж░рж╛ рж╣рзЯрзЗржЫрзЗ  рждржЦржиржХрж╛рж░ рж╕ржорзЯ  рззрзжред рж░ржмрж┐ рзй.рзл ржЬрж┐ ржкрж╛ржЪрзНржЫрзЗржи ржХрж┐ржирж╛?   рззрззред ржмрж░рзНрждржорж╛ржи ржирзЗржЯ рж╕рзНржкрзАржб   ржЖржорж╛ржжрзЗрж░ рж╕рж╛ржерзЗржЗ ржерж╛ржХрзБржи  ржЖрж╢рж╛ ржХрж░рж┐ ржЖржкржирж┐ ржЖржкржирж╛рж░ ржХрж╛ржЩрзНржХрзНрж╖рж┐ржд рж╕ржорж╛ржзрж╛ржиржЯрж┐ ржкрзЗрзЯрзЗ ржпрж╛ржмрзЗржиред ~Nahid,2018-01-16T08:42:51+0000,0,0,0,0,0,0
robi,1579193968826362_1593338757411883,ржЖржорж╛рж░ рж░ржмрж┐ рж╕рж┐ржорзЗрж░ ржЯрж╛ржХрж╛ ржмрзЗрж╢рж┐ ржХрж╛ржЯржЫрзЗ Airtal e ржХрж▓ ржжрж┐рзЯрзЗржЫрж┐ рзм ржорж┐ржирж┐ржЯ рззрзл ржЯрж╛ржХрж╛ ржХрзЗржЯрзЗржЫрзЗ ржЖрж░ ржмрж╛ржХрж┐ рж╕рж┐ржо ржЧрзБрж▓рзЛрждрзЗ ржПржХрж┐ ржмрзЗржкрж╛рж░ ржХрж┐ ржХрж░ржмрзЛ рж╕рж╛рж╣рж╛рж╖рзНржп ржХрж░рзЗржи!?,2018-01-25T09:55:05+0000,0,0,0,0,0,0
robi,1579193968826362_1585565178189241,ржЖржорж╛рж░ рж░ржорж┐ рж╕рж┐ржорзЗрж░ рзирзжрзж ржЯрж╛ржХрж╛ ржмрждржорж╛ржирзЗ  ржЖржЫрзЗ ржЕржирзНржп рж╕рж┐ржорзЗрж░ ржХрж┐ ржнрж╛ржмрзЗ ржкрж╛рж░ ржХрж░ржмрзЛ ржЬрж╛ржирж╛ржмрзЗржи ржХрж┐!?,2018-01-18T05:20:07+0000,0,0,0,0,0,0
robi,1579193968826362_1583860475026378,5gb ki 24 hours use korte parbo,2018-01-16T11:09:07+0000,0,0,0,0,0,0
robi,681794701899631_1575893059156453,4G ржбрж╛ржЙржирж▓рзЛржб ржПржХрзНрж╕ржкрзЗрж░рж┐рзЯрзЗржирзНрж╕-ржПрж░ ржЬржирзНржп ржЖржкржирж┐ ржкрзНрж░рж╕рзНрждрзБржд рждрзЛ? рж░рзЗржбрж┐ ржерж╛ржХрзБржи рж░ржмрж┐ 4G enabled рж╕рж┐ржо ржПржмржВ рж╣рзНржпрж╛ржирзНржбрж╕рзЗржЯ ржирж┐рзЯрзЗ!,2018-01-07T22:11:59+0000,4,11,0,0,0,0
robi,1575893059156453_1576075319138227,рж░ржмрж┐ ржмржирзНржз рж╕рж┐ржорзЗрж░ ржХрзЛржи ржЕржлрж╛рж░ ржЖржЫрзЗ ржХрж┐,2018-01-08T02:58:42+0000,2,1,0,0,0,0
robi,1575893059156453_1576317742447318,ржкрзНрж░рж┐рзЯ Raselur    ржЖржкржирж╛рж░ ржЕржирзБрж╕ржирзНржзрж╛ржи ржПрж░ ржЬржирзНржп ржзржирзНржпржмрж╛ржжред  ржЖржкржирж╛рж░ рж░ржмрж┐ ржкрзНрж░рж┐ржкрзЗржЗржб ржПржмржВ SME рж╕ржВржпрзЛржЧ ржмржирзНржз ржерж╛ржХрж▓рзЗ (ржкрзЛрж╕рзНржЯ-ржкрзЗржЗржб  ржЙржжрзНржпрзЛржХрзНрждрж╛  ржХрж░рзНржкрзЛрж░рзЗржЯ ржПржмржВ ржЗржЬрж┐рж▓рзЛржб ржХрж╛ржирзЗржХрж╢ржи ржмрзНржпрждрзАржд) рждрж╛рж╣рж▓рзЗ рж╕рж┐ржо ржЯрж┐ ржЪрж╛рж▓рзБ ржХрж░рзЗ ржкрж╛ржЪрзНржЫрзЗржи ржмржЫрж░ ржЬрзБрзЬрзЗ ржЖржХрж░рзНрж╖ржгрзАрзЯ ржбрж╛ржЯрж╛ ржПржмржВ ржХрж▓ рж░рзЗржЯ ржЕржлрж╛рж░ред  ]  ржорж╛рждрзНрж░ рзирзп ржЯрж╛ржХрж╛ рж░рж┐ржЪрж╛рж░рзНржЬ ржХрж░рж▓рзЗржЗ ржкрж╛ржмрзЗржи рзз ржЬрж┐ржмрж┐ ржбрж╛ржЯрж╛ ржПржмржВ рззрзжрзж ржЯрж╛ржХрж╛ рж░рж┐ржЪрж╛рж░рзНржЬ ржХрж░рж▓рзЗржЗ ржкрж╛ржмрзЗржи рзи ржЬрж┐ржмрж┐ ржбрж╛ржЯрж╛ рж╕ржорзНржкрзВрж░рзНржг ржлрзНрж░рзА рзн ржжрж┐ржирзЗрж░ ржЬржирзНржпред ржПржЗ ржбрж╛ржЯрж╛ рзирзк ржШржгрзНржЯрж╛ ржЗржЙржЬ ржХрж░рж╛ ржпрж╛ржмрзЗред ржПржЫрж╛рзЬрж╛  рж░рж┐ржЪрж╛рж░рзНржЬ ржХрж░рж╛рж░ рзйрзж ржжрж┐ржи ржкрж░ ржкрж░ ржпрзЗржХрзЛржирзЛ ржЗржЬрж┐рж▓рзЛржб рж░рж┐ржЪрж╛рж░рзНржЬ/ рж╕рзНржХрзНрж░рзНржпрж╛ржЪ ржХрж╛рж░рзНржб ржПрж░ ржорж╛ржзрзНржпржорзЗ ржбрж╛ржЯрж╛ ржкрзНржпрж╛ржХ ржХрж┐ржирж▓рзЗржЗ ржкрж╛ржмрзЗржи рзз ржЬрж┐ржмрж┐ ржбрж╛ржЯрж╛ рзн ржжрж┐ржирзЗрж░ ржЬржирзНржп (рзирзк ржШржгрзНржЯрж╛)ред ржПржнрж╛ржмрзЗ рзйрзж ржжрж┐ржи ржкрж░ ржкрж░ рзз ржЬрж┐ржмрж┐ ржирзЗрзЯрж╛ ржпрж╛ржмрзЗ рззрзз ржорж╛рж╕ ржкрж░рзНржпржирзНрждред   ржЗржирзНржЯрж╛рж░ржирзЗржЯ ржмрзНржпрж╛рж▓рзЗржирзНрж╕ ржЪрзЗржХ ржХрж░рждрзЗ ржЕржирзБржЧрзНрж░рж╣ ржХрж░рзЗ ржбрж╛рзЯрж╛рж▓ ржХрж░рзБржи *8444*88#ред  ржПржЫрж╛рзЬрж╛  рзирзп/рззрзжрзж ржЯрж╛ржХрж╛ рж░рж┐ржЪрж╛рж░рзНржЬ ржХрж░рж▓рзЗ 0.5paisa/sec рж╕ржХрж▓ рж░ржмрж┐/ржПрзЯрж╛рж░ржЯрзЗрж▓ ржирж╛ржорзНржмрж╛рж░ ржП ржПржмржВ 1 paisa/sec ржЕржирзНржп ржЕржкрж╛рж░рзЗржЯрж░ ржП ржХржерж╛ ржмрж▓рждрзЗ ржкрж╛рж░ржмрзЗржиред рзирзп ржЯрж╛ржХрж╛ рж░рж┐ржЪрж╛рж░рзНржЬ ржХрж░рж▓рзЗ ржорзЗрзЯрж╛ржж ржерж╛ржХржмрзЗ рзйрзж ржжрж┐ржи ржПржмржВ рззрзжрзж ржЯрж╛ржХрж╛ рж░рж┐ржЪрж╛рж░рзНржЬ ржХрж░рж▓рзЗ ржорзЗрзЯрж╛ржж ржерж╛ржХржмрзЗ рзпрзж ржжрж┐ржи (рзирзк ржШржгрзНржЯрж╛)ред   ржЖржкржирж╛рж░ ржиржорзНржмрж░ ржПржЗ ржЕржлрж╛рж░ ржПрж░ ржЖржУрждрж╛рзЯ ржЖржЫрзЗ ржХрж┐ржирж╛ рждрж╛ ржЬрж╛ржирждрзЗ ржпрзЗржХрзЛржирзЛ ржирж╛ржорзНржмрж╛рж░ ржерзЗржХрзЗ ржЕржирзБржЧрзНрж░рж╣ ржХрж░рзЗ ржбрж╛рзЯрж╛рж▓ ржХрж░рзБржи *рзорзжрзлрзж# ржЕржержмрж╛ ржпрзЗ ржХрзЛржи рж░ржмрж┐ ржиржорзНржмрж░ ржерзЗржХрзЗ A<Space>Your Robi Number  ржЯрж╛ржЗржк ржХрж░рзЗ ржкрж╛ржарж┐рзЯрзЗ ржжрж┐ржи рзорзжрзлрзж рждрзЗ  ржПржХрзЗржмрж╛рж░рзЗржЗ ржлрзНрж░рж┐ред   ржЕржлрж╛рж░ржЯрж┐ ржкрзЗрждрзЗ рж░рж┐ржЪрж╛рж░рзНржЬ ржХрж░рзЗржЗ ржпрзЗржХрзЛржирзЛ ржирж╛ржорзНржмрж╛рж░ ржП ржХрж▓ ржмрж╛ ржПрж╕ржПржоржПрж╕ ржХрж░рзБржиред   ржХрзНрж▓рзНржпрж╛рж╢ ржЕржл ржХрзНрж▓рзНржпрж╛ржи ржЦрзЗрж▓рж╛ ржПржЦржи  ржЬржоржмрзЗ ржЖрж░рзЛ ржмрзЗрж╢рж┐ред ржПржЦржи ржкрж╛ржЪрзНржЫрзЗржи рзирзлрзж ржорзЗржЧрж╛ржмрж╛ржЗржЯ ржХрзНрж▓рзНржпрж╛рж╢ ржЕржл ржХрзНрж▓рзНржпрж╛ржи ржЧрзЗржо ржЦрзЗрж▓рж╛рж░ ржЬржирзНржп ржбрж╛ржЯрж╛ ржорж╛рждрзНрж░ рзирзо ржЯрж╛ржХрж╛ рждрзЗ + (рзл% рж╕ржорзНржкрзВрж░ржХ рж╢рзБрж▓рзНржХ+рззрзл% ржнрзНржпрж╛ржЯ+рзз% рж╕рж╛рж░ржЪрж╛рж░рзНржЬ) ржпрж╛рж░ ржорзЗрзЯрж╛ржж рж╣ржмрзЗ рзирзо ржжрж┐ржиред ржпрждржмрж╛рж░ ржЦрзБрж╢рж┐ ржЕржлрж╛рж░ ржЯрж┐ ржЪрж╛рж▓рзБ ржХрж░рждрзЗ ржбрж╛рзЯрж╛рж▓ ржХрж░рзБржи *123*405#ред ржЕржлрж╛рж░ ржЯрж┐ ржмрзНржпржмрж╣рж╛рж░ ржХрж░рждрзЗ ржкрж╛рж░ржмрзЗржи рж░рж╛ржд ржжрж┐ржи рзирзк ржШржирзНржЯрж╛ред ржЖржкржирж╛рж░ ржЕржмржЧрждрж┐рж░ ржЬржирзНржп ржЬрж╛ржирж╛ржЪрзНржЫрж┐ ржпрзЗ ржПржЗ ржбрж╛ржЯрж╛ ржЕржлрж╛рж░ ржЯрж┐ ржЕржЯрзЛрж░рж┐ржирж┐ржЙ ржПрж░ рж╕рзБржмрж┐ржзрж╛ржпрзБржХрзНрждред ржЖржкржирж┐ ржПржЗ ржЕржлрж╛рж░рзЗрж░ ржЖржУрждрж╛рзЯ рж╕рзБржкрж╛рж░рж╕рзЗрж▓ ржЧрзЗржо ржЧрзБрж▓рж┐ ржЦрзЗрж▓рждрзЗ ржкрж╛рж░ржмрзЗржиред ржЖржкржирж╛рж░ рж╕ржХрж▓ ржЪрж╛рж░рзНржЬ рж╕рж╣ ржорзЛржЯ 34.09 ржЯрж╛ржХрж╛ ржПрж░ ржкрзНрж░рзЯрзЛржЬржи рж╣ржмрзЗ ржЕржлрж╛рж░ ржЯрж┐ ржЪрж╛рж▓рзБ ржХрж░рждрзЗред    рж╕рж╛ржерзЗ ржерж╛ржХрж╛рж░ ржЬржирзНржп ржЖржмрж╛рж░рзЛ ржзржирзНржпржмрж╛ржж ржЬрж╛ржирж╛ржЪрзНржЫрж┐ред   ~ржирж╛рж╣рж┐ржж,2018-01-08T09:38:23+0000,0,1,0,0,0,0
robi,1575893059156453_1581157785296647,рж░ржмрж┐ 4G ржХржЦржи ржЪрж╛рж▓рзБ рж╣ржмрзЗ...?,2018-01-13T11:10:48+0000,0,0,0,0,0,0
robi,1575893059156453_1581158308629928,рж░ржмрж┐ 4G ржХржЦржи ржЪрж╛рж▓рзБ рж╣ржмрзЗ...?,2018-01-13T11:11:23+0000,2,0,0,0,0,0
robi,1575893059156453_1588175917928167,ржкрзНрж░рж┐рзЯ Farok    Apni iccha korlai akhon akti 4G sim kinta paran abong use korta paran    ржЖржоржжрзЗрж░ рж╕рж╛ржерзЗ ржерж╛ржХрж╛рж░ ржЬржирзНржп ржЖржкржирж╛ржХрзЗ ржзржирзНржпржмрж╛ржжред - Nahid,2018-01-20T19:31:28+0000,0,0,0,0,0,0
robi,1575893059156453_1588176924594733,cox's bazar jelata akon ki amea 4G pabo. jodi janaten....,2018-01-20T19:32:57+0000,0,0,0,0,0,0
robi,1575893059156453_1584711294941296,01856608778 number ti notun kinachi kivabe 9tk reacharge korbo,2018-01-17T09:48:19+0000,2,0,0,0,0,0
robi,1575893059156453_1588172247928534,ржкрзНрж░рж┐рзЯ Md Mahmud Islam    ржХрж╛ржЗржирзНржбрж▓рж┐ *рзорзмрзмрзм*рзжрзпрзж# ржирж╛ржорзНржмрж╛рж░ ржбрж╛рзЯрж╛рж▓ ржХрж░рзЗ ржЕржлрж╛рж░ ржЯрж┐ ржирж┐ржиред   ржЖржоржжрзЗрж░ рж╕рж╛ржерзЗ ржерж╛ржХрж╛рж░ ржЬржирзНржп ржЖржкржирж╛ржХрзЗ ржзржирзНржпржмрж╛ржжред - Nahid,2018-01-20T19:26:04+0000,0,0,0,0,0,0
robi,1575893059156453_1588644487881310,*8666*090# dial korla ki 9tk reacharge korte parbo?,2018-01-21T06:55:45+0000,0,0,0,0,0,0
robi,1575893059156453_1592095667536192,ржЬрзНржмрж┐ ржЖржорж┐ ржкрзНрж░рж╕рзНрждрзБрждредредЁЯШбЁЯШб ржпрзЗ рж╕рж╛рж░рзНржнрж┐рж╕ ржжрж┐ржЪрзНржЫрзЗржи  2G  cover ржжрж┐ржЪрзНржЫрзЗржи ржХрж┐ржирж╛ рж╕ржирзНржжрзЗрж╣рждрзЗ ржЖржЫрж┐ЁЯШЮ,2018-01-24T06:30:10+0000,0,0,0,0,1,0
robi,681794701899631_1533646896714403,рж░ржмрж┐ ржУ Samsung ржирж┐рзЯрзЗ ржПрж▓рзЛ ржЬржоржкрзЗрж╢ ржмрж╛ржирзНржбрзЗрж▓!  ржПржЦржи Samsung Galaxy J7 Series-ржПрж░ 4G рж╕рзНржорж╛рж░рзНржЯржлрзЛржи ржХрж┐ржирж▓рзЗржЗ рж░ржмрж┐рждрзЗ ржкрж╛ржЪрзНржЫрзЗржиржГ тАв рззрзо ржЬрж┐ржмрж┐ ржлрзНрж░рж┐ ржЗржирзНржЯрж╛рж░ржирзЗржЯ тАв рззрзорзж ржорж┐ржирж┐ржЯ ржлрзНрж░рж┐ ржЯржХ ржЯрж╛ржЗржо тАв ржлрзНрж░рж┐ Whatsapp  Facebook Messenger  Viber ржУ IMO тАв ржлрзНрж░рж┐ рж░ржмрж┐ ржЯрж┐ржнрж┐ ржУ рж░ржмрж┐ рж╕рзНржХрзНрж░рж┐ржи,2017-11-27T10:12:15+0000,0,18,0,0,0,0
robi,681794701899631_1533482826730810,4G ржЖрж╕рж▓рзЗ ржЖржкржирж┐ ржХрж┐ ржХрж░ржмрзЗржи?,2017-11-27T04:27:33+0000,0,9,0,0,0,0
